Load,ConnectedKVA,AllocationFactor,Phases,kW,kvar,PF,Model,Step
611,0.0,0.5,1,170.0,80.0,0.905,5,1
611,0.0,0.5,1,170.0,80.0,0.905,5,2
611,0.0,0.5,1,170.0,80.0,0.905,5,3
611,0.0,0.5,1,170.0,80.0,0.905,5,4
611,0.0,0.5,1,170.0,80.0,0.905,5,5
611,0.0,0.5,1,170.0,80.0,0.905,5,6
611,0.0,0.5,1,170.0,80.0,0.905,5,7
611,0.0,0.5,1,170.0,80.0,0.905,5,8
611,0.0,0.5,1,170.0,80.0,0.905,5,9
611,0.0,0.5,1,170.0,80.0,0.905,5,10
611,0.0,0.5,1,170.0,80.0,0.905,5,11
611,0.0,0.5,1,170.0,80.0,0.905,5,12
611,0.0,0.5,1,170.0,80.0,0.905,5,13
611,0.0,0.5,1,170.0,80.0,0.905,5,14
611,0.0,0.5,1,170.0,80.0,0.905,5,15
611,0.0,0.5,1,170.0,80.0,0.905,5,16
611,0.0,0.5,1,170.0,80.0,0.905,5,17
611,0.0,0.5,1,170.0,80.0,0.905,5,18
611,0.0,0.5,1,170.0,80.0,0.905,5,19
611,0.0,0.5,1,170.0,80.0,0.905,5,20
611,0.0,0.5,1,170.0,80.0,0.905,5,21
611,0.0,0.5,1,170.0,80.0,0.905,5,22
611,0.0,0.5,1,170.0,80.0,0.905,5,23
611,0.0,0.5,1,170.0,80.0,0.905,5,24
611,0.0,0.5,1,170.0,80.0,0.905,5,25
611,0.0,0.5,1,170.0,80.0,0.905,5,26
611,0.0,0.5,1,170.0,80.0,0.905,5,27
611,0.0,0.5,1,170.0,80.0,0.905,5,28
611,0.0,0.5,1,170.0,80.0,0.905,5,29
611,0.0,0.5,1,170.0,80.0,0.905,5,30
611,0.0,0.5,1,170.0,80.0,0.905,5,31
611,0.0,0.5,1,170.0,80.0,0.905,5,32
611,0.0,0.5,1,170.0,80.0,0.905,5,33
611,0.0,0.5,1,170.0,80.0,0.905,5,34
611,0.0,0.5,1,170.0,80.0,0.905,5,35
611,0.0,0.5,1,170.0,80.0,0.905,5,36
611,0.0,0.5,1,170.0,80.0,0.905,5,37
611,0.0,0.5,1,170.0,80.0,0.905,5,38
611,0.0,0.5,1,170.0,80.0,0.905,5,39
611,0.0,0.5,1,170.0,80.0,0.905,5,40
611,0.0,0.5,1,170.0,80.0,0.905,5,41
611,0.0,0.5,1,170.0,80.0,0.905,5,42
611,0.0,0.5,1,170.0,80.0,0.905,5,43
611,0.0,0.5,1,170.0,80.0,0.905,5,44
611,0.0,0.5,1,170.0,80.0,0.905,5,45
611,0.0,0.5,1,170.0,80.0,0.905,5,46
611,0.0,0.5,1,170.0,80.0,0.905,5,47
611,0.0,0.5,1,170.0,80.0,0.905,5,48
611,0.0,0.5,1,170.0,80.0,0.905,5,49
611,0.0,0.5,1,170.0,80.0,0.905,5,50
611,0.0,0.5,1,170.0,80.0,0.905,5,51
611,0.0,0.5,1,170.0,80.0,0.905,5,52
611,0.0,0.5,1,170.0,80.0,0.905,5,53
611,0.0,0.5,1,170.0,80.0,0.905,5,54
611,0.0,0.5,1,170.0,80.0,0.905,5,55
611,0.0,0.5,1,170.0,80.0,0.905,5,56
611,0.0,0.5,1,170.0,80.0,0.905,5,57
611,0.0,0.5,1,170.0,80.0,0.905,5,58
611,0.0,0.5,1,170.0,80.0,0.905,5,59
611,0.0,0.5,1,170.0,80.0,0.905,5,60
611,0.0,0.5,1,170.0,80.0,0.905,5,61
611,0.0,0.5,1,170.0,80.0,0.905,5,62
611,0.0,0.5,1,170.0,80.0,0.905,5,63
611,0.0,0.5,1,170.0,80.0,0.905,5,64
611,0.0,0.5,1,170.0,80.0,0.905,5,65
611,0.0,0.5,1,170.0,80.0,0.905,5,66
611,0.0,0.5,1,170.0,80.0,0.905,5,67
611,0.0,0.5,1,170.0,80.0,0.905,5,68
611,0.0,0.5,1,170.0,80.0,0.905,5,69
611,0.0,0.5,1,170.0,80.0,0.905,5,70
611,0.0,0.5,1,170.0,80.0,0.905,5,71
611,0.0,0.5,1,170.0,80.0,0.905,5,72
611,0.0,0.5,1,170.0,80.0,0.905,5,73
611,0.0,0.5,1,170.0,80.0,0.905,5,74
611,0.0,0.5,1,170.0,80.0,0.905,5,75
611,0.0,0.5,1,170.0,80.0,0.905,5,76
611,0.0,0.5,1,170.0,80.0,0.905,5,77
611,0.0,0.5,1,170.0,80.0,0.905,5,78
611,0.0,0.5,1,170.0,80.0,0.905,5,79
611,0.0,0.5,1,170.0,80.0,0.905,5,80
611,0.0,0.5,1,170.0,80.0,0.905,5,81
611,0.0,0.5,1,170.0,80.0,0.905,5,82
611,0.0,0.5,1,170.0,80.0,0.905,5,83
611,0.0,0.5,1,170.0,80.0,0.905,5,84
611,0.0,0.5,1,170.0,80.0,0.905,5,85
611,0.0,0.5,1,170.0,80.0,0.905,5,86
611,0.0,0.5,1,170.0,80.0,0.905,5,87
611,0.0,0.5,1,170.0,80.0,0.905,5,88
611,0.0,0.5,1,170.0,80.0,0.905,5,89
611,0.0,0.5,1,170.0,80.0,0.905,5,90
611,0.0,0.5,1,170.0,80.0,0.905,5,91
611,0.0,0.5,1,170.0,80.0,0.905,5,92
611,0.0,0.5,1,170.0,80.0,0.905,5,93
611,0.0,0.5,1,170.0,80.0,0.905,5,94
611,0.0,0.5,1,170.0,80.0,0.905,5,95
611,0.0,0.5,1,170.0,80.0,0.905,5,96
611,0.0,0.5,1,170.0,80.0,0.905,5,97
611,0.0,0.5,1,170.0,80.0,0.905,5,98
611,0.0,0.5,1,170.0,80.0,0.905,5,99
611,0.0,0.5,1,170.0,80.0,0.905,5,100
634A,0.0,0.5,1,160.0,110.0,0.8240000000000001,1,1
634A,0.0,0.5,1,160.0,110.0,0.8240000000000001,1,2
634A,0.0,0.5,1,160.0,110.0,0.8240000000000001,1,3
634A,0.0,0.5,1,160.0,110.0,0.8240000000000001,1,4
634A,0.0,0.5,1,160.0,110.0,0.8240000000000001,1,5
634A,0.0,0.5,1,160.0,110.0,0.8240000000000001,1,6
634A,0.0,0.5,1,160.0,110.0,0.8240000000000001,1,7
634A,0.0,0.5,1,160.0,110.0,0.8240000000000001,1,8
634A,0.0,0.5,1,160.0,110.0,0.8240000000000001,1,9
634A,0.0,0.5,1,160.0,110.0,0.8240000000000001,1,10
634A,0.0,0.5,1,160.0,110.0,0.8240000000000001,1,11
634A,0.0,0.5,1,160.0,110.0,0.8240000000000001,1,12
634A,0.0,0.5,1,160.0,110.0,0.8240000000000001,1,13
634A,0.0,0.5,1,160.0,110.0,0.8240000000000001,1,14
634A,0.0,0.5,1,160.0,110.0,0.8240000000000001,1,15
634A,0.0,0.5,1,160.0,110.0,0.8240000000000001,1,16
634A,0.0,0.5,1,160.0,110.0,0.8240000000000001,1,17
634A,0.0,0.5,1,160.0,110.0,0.8240000000000001,1,18
634A,0.0,0.5,1,160.0,110.0,0.8240000000000001,1,19
634A,0.0,0.5,1,160.0,110.0,0.8240000000000001,1,20
634A,0.0,0.5,1,160.0,110.0,0.8240000000000001,1,21
634A,0.0,0.5,1,160.0,110.0,0.8240000000000001,1,22
634A,0.0,0.5,1,160.0,110.0,0.8240000000000001,1,23
634A,0.0,0.5,1,160.0,110.0,0.8240000000000001,1,24
634A,0.0,0.5,1,160.0,110.0,0.8240000000000001,1,25
634A,0.0,0.5,1,160.0,110.0,0.8240000000000001,1,26
634A,0.0,0.5,1,160.0,110.0,0.8240000000000001,1,27
634A,0.0,0.5,1,160.0,110.0,0.8240000000000001,1,28
634A,0.0,0.5,1,160.0,110.0,0.8240000000000001,1,29
634A,0.0,0.5,1,160.0,110.0,0.8240000000000001,1,30
634A,0.0,0.5,1,160.0,110.0,0.8240000000000001,1,31
634A,0.0,0.5,1,160.0,110.0,0.8240000000000001,1,32
634A,0.0,0.5,1,160.0,110.0,0.8240000000000001,1,33
634A,0.0,0.5,1,160.0,110.0,0.8240000000000001,1,34
634A,0.0,0.5,1,160.0,110.0,0.8240000000000001,1,35
634A,0.0,0.5,1,160.0,110.0,0.8240000000000001,1,36
634A,0.0,0.5,1,160.0,110.0,0.8240000000000001,1,37
634A,0.0,0.5,1,160.0,110.0,0.8240000000000001,1,38
634A,0.0,0.5,1,160.0,110.0,0.8240000000000001,1,39
634A,0.0,0.5,1,160.0,110.0,0.8240000000000001,1,40
634A,0.0,0.5,1,160.0,110.0,0.8240000000000001,1,41
634A,0.0,0.5,1,160.0,110.0,0.8240000000000001,1,42
634A,0.0,0.5,1,160.0,110.0,0.8240000000000001,1,43
634A,0.0,0.5,1,160.0,110.0,0.8240000000000001,1,44
634A,0.0,0.5,1,160.0,110.0,0.8240000000000001,1,45
634A,0.0,0.5,1,160.0,110.0,0.8240000000000001,1,46
634A,0.0,0.5,1,160.0,110.0,0.8240000000000001,1,47
634A,0.0,0.5,1,160.0,110.0,0.8240000000000001,1,48
634A,0.0,0.5,1,160.0,110.0,0.8240000000000001,1,49
634A,0.0,0.5,1,160.0,110.0,0.8240000000000001,1,50
634A,0.0,0.5,1,160.0,110.0,0.8240000000000001,1,51
634A,0.0,0.5,1,160.0,110.0,0.8240000000000001,1,52
634A,0.0,0.5,1,160.0,110.0,0.8240000000000001,1,53
634A,0.0,0.5,1,160.0,110.0,0.8240000000000001,1,54
634A,0.0,0.5,1,160.0,110.0,0.8240000000000001,1,55
634A,0.0,0.5,1,160.0,110.0,0.8240000000000001,1,56
634A,0.0,0.5,1,160.0,110.0,0.8240000000000001,1,57
634A,0.0,0.5,1,160.0,110.0,0.8240000000000001,1,58
634A,0.0,0.5,1,160.0,110.0,0.8240000000000001,1,59
634A,0.0,0.5,1,160.0,110.0,0.8240000000000001,1,60
634A,0.0,0.5,1,160.0,110.0,0.8240000000000001,1,61
634A,0.0,0.5,1,160.0,110.0,0.8240000000000001,1,62
634A,0.0,0.5,1,160.0,110.0,0.8240000000000001,1,63
634A,0.0,0.5,1,160.0,110.0,0.8240000000000001,1,64
634A,0.0,0.5,1,160.0,110.0,0.8240000000000001,1,65
634A,0.0,0.5,1,160.0,110.0,0.8240000000000001,1,66
634A,0.0,0.5,1,160.0,110.0,0.8240000000000001,1,67
634A,0.0,0.5,1,160.0,110.0,0.8240000000000001,1,68
634A,0.0,0.5,1,160.0,110.0,0.8240000000000001,1,69
634A,0.0,0.5,1,160.0,110.0,0.8240000000000001,1,70
634A,0.0,0.5,1,160.0,110.0,0.8240000000000001,1,71
634A,0.0,0.5,1,160.0,110.0,0.8240000000000001,1,72
634A,0.0,0.5,1,160.0,110.0,0.8240000000000001,1,73
634A,0.0,0.5,1,160.0,110.0,0.8240000000000001,1,74
634A,0.0,0.5,1,160.0,110.0,0.8240000000000001,1,75
634A,0.0,0.5,1,160.0,110.0,0.8240000000000001,1,76
634A,0.0,0.5,1,160.0,110.0,0.8240000000000001,1,77
634A,0.0,0.5,1,160.0,110.0,0.8240000000000001,1,78
634A,0.0,0.5,1,160.0,110.0,0.8240000000000001,1,79
634A,0.0,0.5,1,160.0,110.0,0.8240000000000001,1,80
634A,0.0,0.5,1,160.0,110.0,0.8240000000000001,1,81
634A,0.0,0.5,1,160.0,110.0,0.8240000000000001,1,82
634A,0.0,0.5,1,160.0,110.0,0.8240000000000001,1,83
634A,0.0,0.5,1,160.0,110.0,0.8240000000000001,1,84
634A,0.0,0.5,1,160.0,110.0,0.8240000000000001,1,85
634A,0.0,0.5,1,160.0,110.0,0.8240000000000001,1,86
634A,0.0,0.5,1,160.0,110.0,0.8240000000000001,1,87
634A,0.0,0.5,1,160.0,110.0,0.8240000000000001,1,88
634A,0.0,0.5,1,160.0,110.0,0.8240000000000001,1,89
634A,0.0,0.5,1,160.0,110.0,0.8240000000000001,1,90
634A,0.0,0.5,1,160.0,110.0,0.8240000000000001,1,91
634A,0.0,0.5,1,160.0,110.0,0.8240000000000001,1,92
634A,0.0,0.5,1,160.0,110.0,0.8240000000000001,1,93
634A,0.0,0.5,1,160.0,110.0,0.8240000000000001,1,94
634A,0.0,0.5,1,160.0,110.0,0.8240000000000001,1,95
634A,0.0,0.5,1,160.0,110.0,0.8240000000000001,1,96
634A,0.0,0.5,1,160.0,110.0,0.8240000000000001,1,97
634A,0.0,0.5,1,160.0,110.0,0.8240000000000001,1,98
634A,0.0,0.5,1,160.0,110.0,0.8240000000000001,1,99
634A,0.0,0.5,1,160.0,110.0,0.8240000000000001,1,100
634B,0.0,0.5,1,120.0,90.0,0.8,1,1
634B,0.0,0.5,1,120.0,90.0,0.8,1,2
634B,0.0,0.5,1,120.0,90.0,0.8,1,3
634B,0.0,0.5,1,120.0,90.0,0.8,1,4
634B,0.0,0.5,1,120.0,90.0,0.8,1,5
634B,0.0,0.5,1,120.0,90.0,0.8,1,6
634B,0.0,0.5,1,120.0,90.0,0.8,1,7
634B,0.0,0.5,1,120.0,90.0,0.8,1,8
634B,0.0,0.5,1,120.0,90.0,0.8,1,9
634B,0.0,0.5,1,120.0,90.0,0.8,1,10
634B,0.0,0.5,1,120.0,90.0,0.8,1,11
634B,0.0,0.5,1,120.0,90.0,0.8,1,12
634B,0.0,0.5,1,120.0,90.0,0.8,1,13
634B,0.0,0.5,1,120.0,90.0,0.8,1,14
634B,0.0,0.5,1,120.0,90.0,0.8,1,15
634B,0.0,0.5,1,120.0,90.0,0.8,1,16
634B,0.0,0.5,1,120.0,90.0,0.8,1,17
634B,0.0,0.5,1,120.0,90.0,0.8,1,18
634B,0.0,0.5,1,120.0,90.0,0.8,1,19
634B,0.0,0.5,1,120.0,90.0,0.8,1,20
634B,0.0,0.5,1,120.0,90.0,0.8,1,21
634B,0.0,0.5,1,120.0,90.0,0.8,1,22
634B,0.0,0.5,1,120.0,90.0,0.8,1,23
634B,0.0,0.5,1,120.0,90.0,0.8,1,24
634B,0.0,0.5,1,120.0,90.0,0.8,1,25
634B,0.0,0.5,1,120.0,90.0,0.8,1,26
634B,0.0,0.5,1,120.0,90.0,0.8,1,27
634B,0.0,0.5,1,120.0,90.0,0.8,1,28
634B,0.0,0.5,1,120.0,90.0,0.8,1,29
634B,0.0,0.5,1,120.0,90.0,0.8,1,30
634B,0.0,0.5,1,120.0,90.0,0.8,1,31
634B,0.0,0.5,1,120.0,90.0,0.8,1,32
634B,0.0,0.5,1,120.0,90.0,0.8,1,33
634B,0.0,0.5,1,120.0,90.0,0.8,1,34
634B,0.0,0.5,1,120.0,90.0,0.8,1,35
634B,0.0,0.5,1,120.0,90.0,0.8,1,36
634B,0.0,0.5,1,120.0,90.0,0.8,1,37
634B,0.0,0.5,1,120.0,90.0,0.8,1,38
634B,0.0,0.5,1,120.0,90.0,0.8,1,39
634B,0.0,0.5,1,120.0,90.0,0.8,1,40
634B,0.0,0.5,1,120.0,90.0,0.8,1,41
634B,0.0,0.5,1,120.0,90.0,0.8,1,42
634B,0.0,0.5,1,120.0,90.0,0.8,1,43
634B,0.0,0.5,1,120.0,90.0,0.8,1,44
634B,0.0,0.5,1,120.0,90.0,0.8,1,45
634B,0.0,0.5,1,120.0,90.0,0.8,1,46
634B,0.0,0.5,1,120.0,90.0,0.8,1,47
634B,0.0,0.5,1,120.0,90.0,0.8,1,48
634B,0.0,0.5,1,120.0,90.0,0.8,1,49
634B,0.0,0.5,1,120.0,90.0,0.8,1,50
634B,0.0,0.5,1,120.0,90.0,0.8,1,51
634B,0.0,0.5,1,120.0,90.0,0.8,1,52
634B,0.0,0.5,1,120.0,90.0,0.8,1,53
634B,0.0,0.5,1,120.0,90.0,0.8,1,54
634B,0.0,0.5,1,120.0,90.0,0.8,1,55
634B,0.0,0.5,1,120.0,90.0,0.8,1,56
634B,0.0,0.5,1,120.0,90.0,0.8,1,57
634B,0.0,0.5,1,120.0,90.0,0.8,1,58
634B,0.0,0.5,1,120.0,90.0,0.8,1,59
634B,0.0,0.5,1,120.0,90.0,0.8,1,60
634B,0.0,0.5,1,120.0,90.0,0.8,1,61
634B,0.0,0.5,1,120.0,90.0,0.8,1,62
634B,0.0,0.5,1,120.0,90.0,0.8,1,63
634B,0.0,0.5,1,120.0,90.0,0.8,1,64
634B,0.0,0.5,1,120.0,90.0,0.8,1,65
634B,0.0,0.5,1,120.0,90.0,0.8,1,66
634B,0.0,0.5,1,120.0,90.0,0.8,1,67
634B,0.0,0.5,1,120.0,90.0,0.8,1,68
634B,0.0,0.5,1,120.0,90.0,0.8,1,69
634B,0.0,0.5,1,120.0,90.0,0.8,1,70
634B,0.0,0.5,1,120.0,90.0,0.8,1,71
634B,0.0,0.5,1,120.0,90.0,0.8,1,72
634B,0.0,0.5,1,120.0,90.0,0.8,1,73
634B,0.0,0.5,1,120.0,90.0,0.8,1,74
634B,0.0,0.5,1,120.0,90.0,0.8,1,75
634B,0.0,0.5,1,120.0,90.0,0.8,1,76
634B,0.0,0.5,1,120.0,90.0,0.8,1,77
634B,0.0,0.5,1,120.0,90.0,0.8,1,78
634B,0.0,0.5,1,120.0,90.0,0.8,1,79
634B,0.0,0.5,1,120.0,90.0,0.8,1,80
634B,0.0,0.5,1,120.0,90.0,0.8,1,81
634B,0.0,0.5,1,120.0,90.0,0.8,1,82
634B,0.0,0.5,1,120.0,90.0,0.8,1,83
634B,0.0,0.5,1,120.0,90.0,0.8,1,84
634B,0.0,0.5,1,120.0,90.0,0.8,1,85
634B,0.0,0.5,1,120.0,90.0,0.8,1,86
634B,0.0,0.5,1,120.0,90.0,0.8,1,87
634B,0.0,0.5,1,120.0,90.0,0.8,1,88
634B,0.0,0.5,1,120.0,90.0,0.8,1,89
634B,0.0,0.5,1,120.0,90.0,0.8,1,90
634B,0.0,0.5,1,120.0,90.0,0.8,1,91
634B,0.0,0.5,1,120.0,90.0,0.8,1,92
634B,0.0,0.5,1,120.0,90.0,0.8,1,93
634B,0.0,0.5,1,120.0,90.0,0.8,1,94
634B,0.0,0.5,1,120.0,90.0,0.8,1,95
634B,0.0,0.5,1,120.0,90.0,0.8,1,96
634B,0.0,0.5,1,120.0,90.0,0.8,1,97
634B,0.0,0.5,1,120.0,90.0,0.8,1,98
634B,0.0,0.5,1,120.0,90.0,0.8,1,99
634B,0.0,0.5,1,120.0,90.0,0.8,1,100
634C,0.0,0.5,1,120.0,90.0,0.8,1,1
634C,0.0,0.5,1,120.0,90.0,0.8,1,2
634C,0.0,0.5,1,120.0,90.0,0.8,1,3
634C,0.0,0.5,1,120.0,90.0,0.8,1,4
634C,0.0,0.5,1,120.0,90.0,0.8,1,5
634C,0.0,0.5,1,120.0,90.0,0.8,1,6
634C,0.0,0.5,1,120.0,90.0,0.8,1,7
634C,0.0,0.5,1,120.0,90.0,0.8,1,8
634C,0.0,0.5,1,120.0,90.0,0.8,1,9
634C,0.0,0.5,1,120.0,90.0,0.8,1,10
634C,0.0,0.5,1,120.0,90.0,0.8,1,11
634C,0.0,0.5,1,120.0,90.0,0.8,1,12
634C,0.0,0.5,1,120.0,90.0,0.8,1,13
634C,0.0,0.5,1,120.0,90.0,0.8,1,14
634C,0.0,0.5,1,120.0,90.0,0.8,1,15
634C,0.0,0.5,1,120.0,90.0,0.8,1,16
634C,0.0,0.5,1,120.0,90.0,0.8,1,17
634C,0.0,0.5,1,120.0,90.0,0.8,1,18
634C,0.0,0.5,1,120.0,90.0,0.8,1,19
634C,0.0,0.5,1,120.0,90.0,0.8,1,20
634C,0.0,0.5,1,120.0,90.0,0.8,1,21
634C,0.0,0.5,1,120.0,90.0,0.8,1,22
634C,0.0,0.5,1,120.0,90.0,0.8,1,23
634C,0.0,0.5,1,120.0,90.0,0.8,1,24
634C,0.0,0.5,1,120.0,90.0,0.8,1,25
634C,0.0,0.5,1,120.0,90.0,0.8,1,26
634C,0.0,0.5,1,120.0,90.0,0.8,1,27
634C,0.0,0.5,1,120.0,90.0,0.8,1,28
634C,0.0,0.5,1,120.0,90.0,0.8,1,29
634C,0.0,0.5,1,120.0,90.0,0.8,1,30
634C,0.0,0.5,1,120.0,90.0,0.8,1,31
634C,0.0,0.5,1,120.0,90.0,0.8,1,32
634C,0.0,0.5,1,120.0,90.0,0.8,1,33
634C,0.0,0.5,1,120.0,90.0,0.8,1,34
634C,0.0,0.5,1,120.0,90.0,0.8,1,35
634C,0.0,0.5,1,120.0,90.0,0.8,1,36
634C,0.0,0.5,1,120.0,90.0,0.8,1,37
634C,0.0,0.5,1,120.0,90.0,0.8,1,38
634C,0.0,0.5,1,120.0,90.0,0.8,1,39
634C,0.0,0.5,1,120.0,90.0,0.8,1,40
634C,0.0,0.5,1,120.0,90.0,0.8,1,41
634C,0.0,0.5,1,120.0,90.0,0.8,1,42
634C,0.0,0.5,1,120.0,90.0,0.8,1,43
634C,0.0,0.5,1,120.0,90.0,0.8,1,44
634C,0.0,0.5,1,120.0,90.0,0.8,1,45
634C,0.0,0.5,1,120.0,90.0,0.8,1,46
634C,0.0,0.5,1,120.0,90.0,0.8,1,47
634C,0.0,0.5,1,120.0,90.0,0.8,1,48
634C,0.0,0.5,1,120.0,90.0,0.8,1,49
634C,0.0,0.5,1,120.0,90.0,0.8,1,50
634C,0.0,0.5,1,120.0,90.0,0.8,1,51
634C,0.0,0.5,1,120.0,90.0,0.8,1,52
634C,0.0,0.5,1,120.0,90.0,0.8,1,53
634C,0.0,0.5,1,120.0,90.0,0.8,1,54
634C,0.0,0.5,1,120.0,90.0,0.8,1,55
634C,0.0,0.5,1,120.0,90.0,0.8,1,56
634C,0.0,0.5,1,120.0,90.0,0.8,1,57
634C,0.0,0.5,1,120.0,90.0,0.8,1,58
634C,0.0,0.5,1,120.0,90.0,0.8,1,59
634C,0.0,0.5,1,120.0,90.0,0.8,1,60
634C,0.0,0.5,1,120.0,90.0,0.8,1,61
634C,0.0,0.5,1,120.0,90.0,0.8,1,62
634C,0.0,0.5,1,120.0,90.0,0.8,1,63
634C,0.0,0.5,1,120.0,90.0,0.8,1,64
634C,0.0,0.5,1,120.0,90.0,0.8,1,65
634C,0.0,0.5,1,120.0,90.0,0.8,1,66
634C,0.0,0.5,1,120.0,90.0,0.8,1,67
634C,0.0,0.5,1,120.0,90.0,0.8,1,68
634C,0.0,0.5,1,120.0,90.0,0.8,1,69
634C,0.0,0.5,1,120.0,90.0,0.8,1,70
634C,0.0,0.5,1,120.0,90.0,0.8,1,71
634C,0.0,0.5,1,120.0,90.0,0.8,1,72
634C,0.0,0.5,1,120.0,90.0,0.8,1,73
634C,0.0,0.5,1,120.0,90.0,0.8,1,74
634C,0.0,0.5,1,120.0,90.0,0.8,1,75
634C,0.0,0.5,1,120.0,90.0,0.8,1,76
634C,0.0,0.5,1,120.0,90.0,0.8,1,77
634C,0.0,0.5,1,120.0,90.0,0.8,1,78
634C,0.0,0.5,1,120.0,90.0,0.8,1,79
634C,0.0,0.5,1,120.0,90.0,0.8,1,80
634C,0.0,0.5,1,120.0,90.0,0.8,1,81
634C,0.0,0.5,1,120.0,90.0,0.8,1,82
634C,0.0,0.5,1,120.0,90.0,0.8,1,83
634C,0.0,0.5,1,120.0,90.0,0.8,1,84
634C,0.0,0.5,1,120.0,90.0,0.8,1,85
634C,0.0,0.5,1,120.0,90.0,0.8,1,86
634C,0.0,0.5,1,120.0,90.0,0.8,1,87
634C,0.0,0.5,1,120.0,90.0,0.8,1,88
634C,0.0,0.5,1,120.0,90.0,0.8,1,89
634C,0.0,0.5,1,120.0,90.0,0.8,1,90
634C,0.0,0.5,1,120.0,90.0,0.8,1,91
634C,0.0,0.5,1,120.0,90.0,0.8,1,92
634C,0.0,0.5,1,120.0,90.0,0.8,1,93
634C,0.0,0.5,1,120.0,90.0,0.8,1,94
634C,0.0,0.5,1,120.0,90.0,0.8,1,95
634C,0.0,0.5,1,120.0,90.0,0.8,1,96
634C,0.0,0.5,1,120.0,90.0,0.8,1,97
634C,0.0,0.5,1,120.0,90.0,0.8,1,98
634C,0.0,0.5,1,120.0,90.0,0.8,1,99
634C,0.0,0.5,1,120.0,90.0,0.8,1,100
645,0.0,0.5,1,170.0,125.0,0.8059999999999999,1,1
645,0.0,0.5,1,170.0,125.0,0.8059999999999999,1,2
645,0.0,0.5,1,170.0,125.0,0.8059999999999999,1,3
645,0.0,0.5,1,170.0,125.0,0.8059999999999999,1,4
645,0.0,0.5,1,170.0,125.0,0.8059999999999999,1,5
645,0.0,0.5,1,170.0,125.0,0.8059999999999999,1,6
645,0.0,0.5,1,170.0,125.0,0.8059999999999999,1,7
645,0.0,0.5,1,170.0,125.0,0.8059999999999999,1,8
645,0.0,0.5,1,170.0,125.0,0.8059999999999999,1,9
645,0.0,0.5,1,170.0,125.0,0.8059999999999999,1,10
645,0.0,0.5,1,170.0,125.0,0.8059999999999999,1,11
645,0.0,0.5,1,170.0,125.0,0.8059999999999999,1,12
645,0.0,0.5,1,170.0,125.0,0.8059999999999999,1,13
645,0.0,0.5,1,170.0,125.0,0.8059999999999999,1,14
645,0.0,0.5,1,170.0,125.0,0.8059999999999999,1,15
645,0.0,0.5,1,170.0,125.0,0.8059999999999999,1,16
645,0.0,0.5,1,170.0,125.0,0.8059999999999999,1,17
645,0.0,0.5,1,170.0,125.0,0.8059999999999999,1,18
645,0.0,0.5,1,170.0,125.0,0.8059999999999999,1,19
645,0.0,0.5,1,170.0,125.0,0.8059999999999999,1,20
645,0.0,0.5,1,170.0,125.0,0.8059999999999999,1,21
645,0.0,0.5,1,170.0,125.0,0.8059999999999999,1,22
645,0.0,0.5,1,170.0,125.0,0.8059999999999999,1,23
645,0.0,0.5,1,170.0,125.0,0.8059999999999999,1,24
645,0.0,0.5,1,170.0,125.0,0.8059999999999999,1,25
645,0.0,0.5,1,170.0,125.0,0.8059999999999999,1,26
645,0.0,0.5,1,170.0,125.0,0.8059999999999999,1,27
645,0.0,0.5,1,170.0,125.0,0.8059999999999999,1,28
645,0.0,0.5,1,170.0,125.0,0.8059999999999999,1,29
645,0.0,0.5,1,170.0,125.0,0.8059999999999999,1,30
645,0.0,0.5,1,170.0,125.0,0.8059999999999999,1,31
645,0.0,0.5,1,170.0,125.0,0.8059999999999999,1,32
645,0.0,0.5,1,170.0,125.0,0.8059999999999999,1,33
645,0.0,0.5,1,170.0,125.0,0.8059999999999999,1,34
645,0.0,0.5,1,170.0,125.0,0.8059999999999999,1,35
645,0.0,0.5,1,170.0,125.0,0.8059999999999999,1,36
645,0.0,0.5,1,170.0,125.0,0.8059999999999999,1,37
645,0.0,0.5,1,170.0,125.0,0.8059999999999999,1,38
645,0.0,0.5,1,170.0,125.0,0.8059999999999999,1,39
645,0.0,0.5,1,170.0,125.0,0.8059999999999999,1,40
645,0.0,0.5,1,170.0,125.0,0.8059999999999999,1,41
645,0.0,0.5,1,170.0,125.0,0.8059999999999999,1,42
645,0.0,0.5,1,170.0,125.0,0.8059999999999999,1,43
645,0.0,0.5,1,170.0,125.0,0.8059999999999999,1,44
645,0.0,0.5,1,170.0,125.0,0.8059999999999999,1,45
645,0.0,0.5,1,170.0,125.0,0.8059999999999999,1,46
645,0.0,0.5,1,170.0,125.0,0.8059999999999999,1,47
645,0.0,0.5,1,170.0,125.0,0.8059999999999999,1,48
645,0.0,0.5,1,170.0,125.0,0.8059999999999999,1,49
645,0.0,0.5,1,170.0,125.0,0.8059999999999999,1,50
645,0.0,0.5,1,170.0,125.0,0.8059999999999999,1,51
645,0.0,0.5,1,170.0,125.0,0.8059999999999999,1,52
645,0.0,0.5,1,170.0,125.0,0.8059999999999999,1,53
645,0.0,0.5,1,170.0,125.0,0.8059999999999999,1,54
645,0.0,0.5,1,170.0,125.0,0.8059999999999999,1,55
645,0.0,0.5,1,170.0,125.0,0.8059999999999999,1,56
645,0.0,0.5,1,170.0,125.0,0.8059999999999999,1,57
645,0.0,0.5,1,170.0,125.0,0.8059999999999999,1,58
645,0.0,0.5,1,170.0,125.0,0.8059999999999999,1,59
645,0.0,0.5,1,170.0,125.0,0.8059999999999999,1,60
645,0.0,0.5,1,170.0,125.0,0.8059999999999999,1,61
645,0.0,0.5,1,170.0,125.0,0.8059999999999999,1,62
645,0.0,0.5,1,170.0,125.0,0.8059999999999999,1,63
645,0.0,0.5,1,170.0,125.0,0.8059999999999999,1,64
645,0.0,0.5,1,170.0,125.0,0.8059999999999999,1,65
645,0.0,0.5,1,170.0,125.0,0.8059999999999999,1,66
645,0.0,0.5,1,170.0,125.0,0.8059999999999999,1,67
645,0.0,0.5,1,170.0,125.0,0.8059999999999999,1,68
645,0.0,0.5,1,170.0,125.0,0.8059999999999999,1,69
645,0.0,0.5,1,170.0,125.0,0.8059999999999999,1,70
645,0.0,0.5,1,170.0,125.0,0.8059999999999999,1,71
645,0.0,0.5,1,170.0,125.0,0.8059999999999999,1,72
645,0.0,0.5,1,170.0,125.0,0.8059999999999999,1,73
645,0.0,0.5,1,170.0,125.0,0.8059999999999999,1,74
645,0.0,0.5,1,170.0,125.0,0.8059999999999999,1,75
645,0.0,0.5,1,170.0,125.0,0.8059999999999999,1,76
645,0.0,0.5,1,170.0,125.0,0.8059999999999999,1,77
645,0.0,0.5,1,170.0,125.0,0.8059999999999999,1,78
645,0.0,0.5,1,170.0,125.0,0.8059999999999999,1,79
645,0.0,0.5,1,170.0,125.0,0.8059999999999999,1,80
645,0.0,0.5,1,170.0,125.0,0.8059999999999999,1,81
645,0.0,0.5,1,170.0,125.0,0.8059999999999999,1,82
645,0.0,0.5,1,170.0,125.0,0.8059999999999999,1,83
645,0.0,0.5,1,170.0,125.0,0.8059999999999999,1,84
645,0.0,0.5,1,170.0,125.0,0.8059999999999999,1,85
645,0.0,0.5,1,170.0,125.0,0.8059999999999999,1,86
645,0.0,0.5,1,170.0,125.0,0.8059999999999999,1,87
645,0.0,0.5,1,170.0,125.0,0.8059999999999999,1,88
645,0.0,0.5,1,170.0,125.0,0.8059999999999999,1,89
645,0.0,0.5,1,170.0,125.0,0.8059999999999999,1,90
645,0.0,0.5,1,170.0,125.0,0.8059999999999999,1,91
645,0.0,0.5,1,170.0,125.0,0.8059999999999999,1,92
645,0.0,0.5,1,170.0,125.0,0.8059999999999999,1,93
645,0.0,0.5,1,170.0,125.0,0.8059999999999999,1,94
645,0.0,0.5,1,170.0,125.0,0.8059999999999999,1,95
645,0.0,0.5,1,170.0,125.0,0.8059999999999999,1,96
645,0.0,0.5,1,170.0,125.0,0.8059999999999999,1,97
645,0.0,0.5,1,170.0,125.0,0.8059999999999999,1,98
645,0.0,0.5,1,170.0,125.0,0.8059999999999999,1,99
645,0.0,0.5,1,170.0,125.0,0.8059999999999999,1,100
646,0.0,0.5,1,230.0,132.0,0.867,2,1
646,0.0,0.5,1,230.0,132.0,0.867,2,2
646,0.0,0.5,1,230.0,132.0,0.867,2,3
646,0.0,0.5,1,230.0,132.0,0.867,2,4
646,0.0,0.5,1,230.0,132.0,0.867,2,5
646,0.0,0.5,1,230.0,132.0,0.867,2,6
646,0.0,0.5,1,230.0,132.0,0.867,2,7
646,0.0,0.5,1,230.0,132.0,0.867,2,8
646,0.0,0.5,1,230.0,132.0,0.867,2,9
646,0.0,0.5,1,230.0,132.0,0.867,2,10
646,0.0,0.5,1,230.0,132.0,0.867,2,11
646,0.0,0.5,1,230.0,132.0,0.867,2,12
646,0.0,0.5,1,230.0,132.0,0.867,2,13
646,0.0,0.5,1,230.0,132.0,0.867,2,14
646,0.0,0.5,1,230.0,132.0,0.867,2,15
646,0.0,0.5,1,230.0,132.0,0.867,2,16
646,0.0,0.5,1,230.0,132.0,0.867,2,17
646,0.0,0.5,1,230.0,132.0,0.867,2,18
646,0.0,0.5,1,230.0,132.0,0.867,2,19
646,0.0,0.5,1,230.0,132.0,0.867,2,20
646,0.0,0.5,1,230.0,132.0,0.867,2,21
646,0.0,0.5,1,230.0,132.0,0.867,2,22
646,0.0,0.5,1,230.0,132.0,0.867,2,23
646,0.0,0.5,1,230.0,132.0,0.867,2,24
646,0.0,0.5,1,230.0,132.0,0.867,2,25
646,0.0,0.5,1,230.0,132.0,0.867,2,26
646,0.0,0.5,1,230.0,132.0,0.867,2,27
646,0.0,0.5,1,230.0,132.0,0.867,2,28
646,0.0,0.5,1,230.0,132.0,0.867,2,29
646,0.0,0.5,1,230.0,132.0,0.867,2,30
646,0.0,0.5,1,230.0,132.0,0.867,2,31
646,0.0,0.5,1,230.0,132.0,0.867,2,32
646,0.0,0.5,1,230.0,132.0,0.867,2,33
646,0.0,0.5,1,230.0,132.0,0.867,2,34
646,0.0,0.5,1,230.0,132.0,0.867,2,35
646,0.0,0.5,1,230.0,132.0,0.867,2,36
646,0.0,0.5,1,230.0,132.0,0.867,2,37
646,0.0,0.5,1,230.0,132.0,0.867,2,38
646,0.0,0.5,1,230.0,132.0,0.867,2,39
646,0.0,0.5,1,230.0,132.0,0.867,2,40
646,0.0,0.5,1,230.0,132.0,0.867,2,41
646,0.0,0.5,1,230.0,132.0,0.867,2,42
646,0.0,0.5,1,230.0,132.0,0.867,2,43
646,0.0,0.5,1,230.0,132.0,0.867,2,44
646,0.0,0.5,1,230.0,132.0,0.867,2,45
646,0.0,0.5,1,230.0,132.0,0.867,2,46
646,0.0,0.5,1,230.0,132.0,0.867,2,47
646,0.0,0.5,1,230.0,132.0,0.867,2,48
646,0.0,0.5,1,230.0,132.0,0.867,2,49
646,0.0,0.5,1,230.0,132.0,0.867,2,50
646,0.0,0.5,1,230.0,132.0,0.867,2,51
646,0.0,0.5,1,230.0,132.0,0.867,2,52
646,0.0,0.5,1,230.0,132.0,0.867,2,53
646,0.0,0.5,1,230.0,132.0,0.867,2,54
646,0.0,0.5,1,230.0,132.0,0.867,2,55
646,0.0,0.5,1,230.0,132.0,0.867,2,56
646,0.0,0.5,1,230.0,132.0,0.867,2,57
646,0.0,0.5,1,230.0,132.0,0.867,2,58
646,0.0,0.5,1,230.0,132.0,0.867,2,59
646,0.0,0.5,1,230.0,132.0,0.867,2,60
646,0.0,0.5,1,230.0,132.0,0.867,2,61
646,0.0,0.5,1,230.0,132.0,0.867,2,62
646,0.0,0.5,1,230.0,132.0,0.867,2,63
646,0.0,0.5,1,230.0,132.0,0.867,2,64
646,0.0,0.5,1,230.0,132.0,0.867,2,65
646,0.0,0.5,1,230.0,132.0,0.867,2,66
646,0.0,0.5,1,230.0,132.0,0.867,2,67
646,0.0,0.5,1,230.0,132.0,0.867,2,68
646,0.0,0.5,1,230.0,132.0,0.867,2,69
646,0.0,0.5,1,230.0,132.0,0.867,2,70
646,0.0,0.5,1,230.0,132.0,0.867,2,71
646,0.0,0.5,1,230.0,132.0,0.867,2,72
646,0.0,0.5,1,230.0,132.0,0.867,2,73
646,0.0,0.5,1,230.0,132.0,0.867,2,74
646,0.0,0.5,1,230.0,132.0,0.867,2,75
646,0.0,0.5,1,230.0,132.0,0.867,2,76
646,0.0,0.5,1,230.0,132.0,0.867,2,77
646,0.0,0.5,1,230.0,132.0,0.867,2,78
646,0.0,0.5,1,230.0,132.0,0.867,2,79
646,0.0,0.5,1,230.0,132.0,0.867,2,80
646,0.0,0.5,1,230.0,132.0,0.867,2,81
646,0.0,0.5,1,230.0,132.0,0.867,2,82
646,0.0,0.5,1,230.0,132.0,0.867,2,83
646,0.0,0.5,1,230.0,132.0,0.867,2,84
646,0.0,0.5,1,230.0,132.0,0.867,2,85
646,0.0,0.5,1,230.0,132.0,0.867,2,86
646,0.0,0.5,1,230.0,132.0,0.867,2,87
646,0.0,0.5,1,230.0,132.0,0.867,2,88
646,0.0,0.5,1,230.0,132.0,0.867,2,89
646,0.0,0.5,1,230.0,132.0,0.867,2,90
646,0.0,0.5,1,230.0,132.0,0.867,2,91
646,0.0,0.5,1,230.0,132.0,0.867,2,92
646,0.0,0.5,1,230.0,132.0,0.867,2,93
646,0.0,0.5,1,230.0,132.0,0.867,2,94
646,0.0,0.5,1,230.0,132.0,0.867,2,95
646,0.0,0.5,1,230.0,132.0,0.867,2,96
646,0.0,0.5,1,230.0,132.0,0.867,2,97
646,0.0,0.5,1,230.0,132.0,0.867,2,98
646,0.0,0.5,1,230.0,132.0,0.867,2,99
646,0.0,0.5,1,230.0,132.0,0.867,2,100
652,0.0,0.5,1,128.0,86.0,0.83,2,1
652,0.0,0.5,1,128.0,86.0,0.83,2,2
652,0.0,0.5,1,128.0,86.0,0.83,2,3
652,0.0,0.5,1,128.0,86.0,0.83,2,4
652,0.0,0.5,1,128.0,86.0,0.83,2,5
652,0.0,0.5,1,128.0,86.0,0.83,2,6
652,0.0,0.5,1,128.0,86.0,0.83,2,7
652,0.0,0.5,1,128.0,86.0,0.83,2,8
652,0.0,0.5,1,128.0,86.0,0.83,2,9
652,0.0,0.5,1,128.0,86.0,0.83,2,10
652,0.0,0.5,1,128.0,86.0,0.83,2,11
652,0.0,0.5,1,128.0,86.0,0.83,2,12
652,0.0,0.5,1,128.0,86.0,0.83,2,13
652,0.0,0.5,1,128.0,86.0,0.83,2,14
652,0.0,0.5,1,128.0,86.0,0.83,2,15
652,0.0,0.5,1,128.0,86.0,0.83,2,16
652,0.0,0.5,1,128.0,86.0,0.83,2,17
652,0.0,0.5,1,128.0,86.0,0.83,2,18
652,0.0,0.5,1,128.0,86.0,0.83,2,19
652,0.0,0.5,1,128.0,86.0,0.83,2,20
652,0.0,0.5,1,128.0,86.0,0.83,2,21
652,0.0,0.5,1,128.0,86.0,0.83,2,22
652,0.0,0.5,1,128.0,86.0,0.83,2,23
652,0.0,0.5,1,128.0,86.0,0.83,2,24
652,0.0,0.5,1,128.0,86.0,0.83,2,25
652,0.0,0.5,1,128.0,86.0,0.83,2,26
652,0.0,0.5,1,128.0,86.0,0.83,2,27
652,0.0,0.5,1,128.0,86.0,0.83,2,28
652,0.0,0.5,1,128.0,86.0,0.83,2,29
652,0.0,0.5,1,128.0,86.0,0.83,2,30
652,0.0,0.5,1,128.0,86.0,0.83,2,31
652,0.0,0.5,1,128.0,86.0,0.83,2,32
652,0.0,0.5,1,128.0,86.0,0.83,2,33
652,0.0,0.5,1,128.0,86.0,0.83,2,34
652,0.0,0.5,1,128.0,86.0,0.83,2,35
652,0.0,0.5,1,128.0,86.0,0.83,2,36
652,0.0,0.5,1,128.0,86.0,0.83,2,37
652,0.0,0.5,1,128.0,86.0,0.83,2,38
652,0.0,0.5,1,128.0,86.0,0.83,2,39
652,0.0,0.5,1,128.0,86.0,0.83,2,40
652,0.0,0.5,1,128.0,86.0,0.83,2,41
652,0.0,0.5,1,128.0,86.0,0.83,2,42
652,0.0,0.5,1,128.0,86.0,0.83,2,43
652,0.0,0.5,1,128.0,86.0,0.83,2,44
652,0.0,0.5,1,128.0,86.0,0.83,2,45
652,0.0,0.5,1,128.0,86.0,0.83,2,46
652,0.0,0.5,1,128.0,86.0,0.83,2,47
652,0.0,0.5,1,128.0,86.0,0.83,2,48
652,0.0,0.5,1,128.0,86.0,0.83,2,49
652,0.0,0.5,1,128.0,86.0,0.83,2,50
652,0.0,0.5,1,128.0,86.0,0.83,2,51
652,0.0,0.5,1,128.0,86.0,0.83,2,52
652,0.0,0.5,1,128.0,86.0,0.83,2,53
652,0.0,0.5,1,128.0,86.0,0.83,2,54
652,0.0,0.5,1,128.0,86.0,0.83,2,55
652,0.0,0.5,1,128.0,86.0,0.83,2,56
652,0.0,0.5,1,128.0,86.0,0.83,2,57
652,0.0,0.5,1,128.0,86.0,0.83,2,58
652,0.0,0.5,1,128.0,86.0,0.83,2,59
652,0.0,0.5,1,128.0,86.0,0.83,2,60
652,0.0,0.5,1,128.0,86.0,0.83,2,61
652,0.0,0.5,1,128.0,86.0,0.83,2,62
652,0.0,0.5,1,128.0,86.0,0.83,2,63
652,0.0,0.5,1,128.0,86.0,0.83,2,64
652,0.0,0.5,1,128.0,86.0,0.83,2,65
652,0.0,0.5,1,128.0,86.0,0.83,2,66
652,0.0,0.5,1,128.0,86.0,0.83,2,67
652,0.0,0.5,1,128.0,86.0,0.83,2,68
652,0.0,0.5,1,128.0,86.0,0.83,2,69
652,0.0,0.5,1,128.0,86.0,0.83,2,70
652,0.0,0.5,1,128.0,86.0,0.83,2,71
652,0.0,0.5,1,128.0,86.0,0.83,2,72
652,0.0,0.5,1,128.0,86.0,0.83,2,73
652,0.0,0.5,1,128.0,86.0,0.83,2,74
652,0.0,0.5,1,128.0,86.0,0.83,2,75
652,0.0,0.5,1,128.0,86.0,0.83,2,76
652,0.0,0.5,1,128.0,86.0,0.83,2,77
652,0.0,0.5,1,128.0,86.0,0.83,2,78
652,0.0,0.5,1,128.0,86.0,0.83,2,79
652,0.0,0.5,1,128.0,86.0,0.83,2,80
652,0.0,0.5,1,128.0,86.0,0.83,2,81
652,0.0,0.5,1,128.0,86.0,0.83,2,82
652,0.0,0.5,1,128.0,86.0,0.83,2,83
652,0.0,0.5,1,128.0,86.0,0.83,2,84
652,0.0,0.5,1,128.0,86.0,0.83,2,85
652,0.0,0.5,1,128.0,86.0,0.83,2,86
652,0.0,0.5,1,128.0,86.0,0.83,2,87
652,0.0,0.5,1,128.0,86.0,0.83,2,88
652,0.0,0.5,1,128.0,86.0,0.83,2,89
652,0.0,0.5,1,128.0,86.0,0.83,2,90
652,0.0,0.5,1,128.0,86.0,0.83,2,91
652,0.0,0.5,1,128.0,86.0,0.83,2,92
652,0.0,0.5,1,128.0,86.0,0.83,2,93
652,0.0,0.5,1,128.0,86.0,0.83,2,94
652,0.0,0.5,1,128.0,86.0,0.83,2,95
652,0.0,0.5,1,128.0,86.0,0.83,2,96
652,0.0,0.5,1,128.0,86.0,0.83,2,97
652,0.0,0.5,1,128.0,86.0,0.83,2,98
652,0.0,0.5,1,128.0,86.0,0.83,2,99
652,0.0,0.5,1,128.0,86.0,0.83,2,100
670A,0.0,0.5,1,17.0,10.0,0.862,1,1
670A,0.0,0.5,1,17.0,10.0,0.862,1,2
670A,0.0,0.5,1,17.0,10.0,0.862,1,3
670A,0.0,0.5,1,17.0,10.0,0.862,1,4
670A,0.0,0.5,1,17.0,10.0,0.862,1,5
670A,0.0,0.5,1,17.0,10.0,0.862,1,6
670A,0.0,0.5,1,17.0,10.0,0.862,1,7
670A,0.0,0.5,1,17.0,10.0,0.862,1,8
670A,0.0,0.5,1,17.0,10.0,0.862,1,9
670A,0.0,0.5,1,17.0,10.0,0.862,1,10
670A,0.0,0.5,1,17.0,10.0,0.862,1,11
670A,0.0,0.5,1,17.0,10.0,0.862,1,12
670A,0.0,0.5,1,17.0,10.0,0.862,1,13
670A,0.0,0.5,1,17.0,10.0,0.862,1,14
670A,0.0,0.5,1,17.0,10.0,0.862,1,15
670A,0.0,0.5,1,17.0,10.0,0.862,1,16
670A,0.0,0.5,1,17.0,10.0,0.862,1,17
670A,0.0,0.5,1,17.0,10.0,0.862,1,18
670A,0.0,0.5,1,17.0,10.0,0.862,1,19
670A,0.0,0.5,1,17.0,10.0,0.862,1,20
670A,0.0,0.5,1,17.0,10.0,0.862,1,21
670A,0.0,0.5,1,17.0,10.0,0.862,1,22
670A,0.0,0.5,1,17.0,10.0,0.862,1,23
670A,0.0,0.5,1,17.0,10.0,0.862,1,24
670A,0.0,0.5,1,17.0,10.0,0.862,1,25
670A,0.0,0.5,1,17.0,10.0,0.862,1,26
670A,0.0,0.5,1,17.0,10.0,0.862,1,27
670A,0.0,0.5,1,17.0,10.0,0.862,1,28
670A,0.0,0.5,1,17.0,10.0,0.862,1,29
670A,0.0,0.5,1,17.0,10.0,0.862,1,30
670A,0.0,0.5,1,17.0,10.0,0.862,1,31
670A,0.0,0.5,1,17.0,10.0,0.862,1,32
670A,0.0,0.5,1,17.0,10.0,0.862,1,33
670A,0.0,0.5,1,17.0,10.0,0.862,1,34
670A,0.0,0.5,1,17.0,10.0,0.862,1,35
670A,0.0,0.5,1,17.0,10.0,0.862,1,36
670A,0.0,0.5,1,17.0,10.0,0.862,1,37
670A,0.0,0.5,1,17.0,10.0,0.862,1,38
670A,0.0,0.5,1,17.0,10.0,0.862,1,39
670A,0.0,0.5,1,17.0,10.0,0.862,1,40
670A,0.0,0.5,1,17.0,10.0,0.862,1,41
670A,0.0,0.5,1,17.0,10.0,0.862,1,42
670A,0.0,0.5,1,17.0,10.0,0.862,1,43
670A,0.0,0.5,1,17.0,10.0,0.862,1,44
670A,0.0,0.5,1,17.0,10.0,0.862,1,45
670A,0.0,0.5,1,17.0,10.0,0.862,1,46
670A,0.0,0.5,1,17.0,10.0,0.862,1,47
670A,0.0,0.5,1,17.0,10.0,0.862,1,48
670A,0.0,0.5,1,17.0,10.0,0.862,1,49
670A,0.0,0.5,1,17.0,10.0,0.862,1,50
670A,0.0,0.5,1,17.0,10.0,0.862,1,51
670A,0.0,0.5,1,17.0,10.0,0.862,1,52
670A,0.0,0.5,1,17.0,10.0,0.862,1,53
670A,0.0,0.5,1,17.0,10.0,0.862,1,54
670A,0.0,0.5,1,17.0,10.0,0.862,1,55
670A,0.0,0.5,1,17.0,10.0,0.862,1,56
670A,0.0,0.5,1,17.0,10.0,0.862,1,57
670A,0.0,0.5,1,17.0,10.0,0.862,1,58
670A,0.0,0.5,1,17.0,10.0,0.862,1,59
670A,0.0,0.5,1,17.0,10.0,0.862,1,60
670A,0.0,0.5,1,17.0,10.0,0.862,1,61
670A,0.0,0.5,1,17.0,10.0,0.862,1,62
670A,0.0,0.5,1,17.0,10.0,0.862,1,63
670A,0.0,0.5,1,17.0,10.0,0.862,1,64
670A,0.0,0.5,1,17.0,10.0,0.862,1,65
670A,0.0,0.5,1,17.0,10.0,0.862,1,66
670A,0.0,0.5,1,17.0,10.0,0.862,1,67
670A,0.0,0.5,1,17.0,10.0,0.862,1,68
670A,0.0,0.5,1,17.0,10.0,0.862,1,69
670A,0.0,0.5,1,17.0,10.0,0.862,1,70
670A,0.0,0.5,1,17.0,10.0,0.862,1,71
670A,0.0,0.5,1,17.0,10.0,0.862,1,72
670A,0.0,0.5,1,17.0,10.0,0.862,1,73
670A,0.0,0.5,1,17.0,10.0,0.862,1,74
670A,0.0,0.5,1,17.0,10.0,0.862,1,75
670A,0.0,0.5,1,17.0,10.0,0.862,1,76
670A,0.0,0.5,1,17.0,10.0,0.862,1,77
670A,0.0,0.5,1,17.0,10.0,0.862,1,78
670A,0.0,0.5,1,17.0,10.0,0.862,1,79
670A,0.0,0.5,1,17.0,10.0,0.862,1,80
670A,0.0,0.5,1,17.0,10.0,0.862,1,81
670A,0.0,0.5,1,17.0,10.0,0.862,1,82
670A,0.0,0.5,1,17.0,10.0,0.862,1,83
670A,0.0,0.5,1,17.0,10.0,0.862,1,84
670A,0.0,0.5,1,17.0,10.0,0.862,1,85
670A,0.0,0.5,1,17.0,10.0,0.862,1,86
670A,0.0,0.5,1,17.0,10.0,0.862,1,87
670A,0.0,0.5,1,17.0,10.0,0.862,1,88
670A,0.0,0.5,1,17.0,10.0,0.862,1,89
670A,0.0,0.5,1,17.0,10.0,0.862,1,90
670A,0.0,0.5,1,17.0,10.0,0.862,1,91
670A,0.0,0.5,1,17.0,10.0,0.862,1,92
670A,0.0,0.5,1,17.0,10.0,0.862,1,93
670A,0.0,0.5,1,17.0,10.0,0.862,1,94
670A,0.0,0.5,1,17.0,10.0,0.862,1,95
670A,0.0,0.5,1,17.0,10.0,0.862,1,96
670A,0.0,0.5,1,17.0,10.0,0.862,1,97
670A,0.0,0.5,1,17.0,10.0,0.862,1,98
670A,0.0,0.5,1,17.0,10.0,0.862,1,99
670A,0.0,0.5,1,17.0,10.0,0.862,1,100
670B,0.0,0.5,1,66.0,38.0,0.867,1,1
670B,0.0,0.5,1,66.0,38.0,0.867,1,2
670B,0.0,0.5,1,66.0,38.0,0.867,1,3
670B,0.0,0.5,1,66.0,38.0,0.867,1,4
670B,0.0,0.5,1,66.0,38.0,0.867,1,5
670B,0.0,0.5,1,66.0,38.0,0.867,1,6
670B,0.0,0.5,1,66.0,38.0,0.867,1,7
670B,0.0,0.5,1,66.0,38.0,0.867,1,8
670B,0.0,0.5,1,66.0,38.0,0.867,1,9
670B,0.0,0.5,1,66.0,38.0,0.867,1,10
670B,0.0,0.5,1,66.0,38.0,0.867,1,11
670B,0.0,0.5,1,66.0,38.0,0.867,1,12
670B,0.0,0.5,1,66.0,38.0,0.867,1,13
670B,0.0,0.5,1,66.0,38.0,0.867,1,14
670B,0.0,0.5,1,66.0,38.0,0.867,1,15
670B,0.0,0.5,1,66.0,38.0,0.867,1,16
670B,0.0,0.5,1,66.0,38.0,0.867,1,17
670B,0.0,0.5,1,66.0,38.0,0.867,1,18
670B,0.0,0.5,1,66.0,38.0,0.867,1,19
670B,0.0,0.5,1,66.0,38.0,0.867,1,20
670B,0.0,0.5,1,66.0,38.0,0.867,1,21
670B,0.0,0.5,1,66.0,38.0,0.867,1,22
670B,0.0,0.5,1,66.0,38.0,0.867,1,23
670B,0.0,0.5,1,66.0,38.0,0.867,1,24
670B,0.0,0.5,1,66.0,38.0,0.867,1,25
670B,0.0,0.5,1,66.0,38.0,0.867,1,26
670B,0.0,0.5,1,66.0,38.0,0.867,1,27
670B,0.0,0.5,1,66.0,38.0,0.867,1,28
670B,0.0,0.5,1,66.0,38.0,0.867,1,29
670B,0.0,0.5,1,66.0,38.0,0.867,1,30
670B,0.0,0.5,1,66.0,38.0,0.867,1,31
670B,0.0,0.5,1,66.0,38.0,0.867,1,32
670B,0.0,0.5,1,66.0,38.0,0.867,1,33
670B,0.0,0.5,1,66.0,38.0,0.867,1,34
670B,0.0,0.5,1,66.0,38.0,0.867,1,35
670B,0.0,0.5,1,66.0,38.0,0.867,1,36
670B,0.0,0.5,1,66.0,38.0,0.867,1,37
670B,0.0,0.5,1,66.0,38.0,0.867,1,38
670B,0.0,0.5,1,66.0,38.0,0.867,1,39
670B,0.0,0.5,1,66.0,38.0,0.867,1,40
670B,0.0,0.5,1,66.0,38.0,0.867,1,41
670B,0.0,0.5,1,66.0,38.0,0.867,1,42
670B,0.0,0.5,1,66.0,38.0,0.867,1,43
670B,0.0,0.5,1,66.0,38.0,0.867,1,44
670B,0.0,0.5,1,66.0,38.0,0.867,1,45
670B,0.0,0.5,1,66.0,38.0,0.867,1,46
670B,0.0,0.5,1,66.0,38.0,0.867,1,47
670B,0.0,0.5,1,66.0,38.0,0.867,1,48
670B,0.0,0.5,1,66.0,38.0,0.867,1,49
670B,0.0,0.5,1,66.0,38.0,0.867,1,50
670B,0.0,0.5,1,66.0,38.0,0.867,1,51
670B,0.0,0.5,1,66.0,38.0,0.867,1,52
670B,0.0,0.5,1,66.0,38.0,0.867,1,53
670B,0.0,0.5,1,66.0,38.0,0.867,1,54
670B,0.0,0.5,1,66.0,38.0,0.867,1,55
670B,0.0,0.5,1,66.0,38.0,0.867,1,56
670B,0.0,0.5,1,66.0,38.0,0.867,1,57
670B,0.0,0.5,1,66.0,38.0,0.867,1,58
670B,0.0,0.5,1,66.0,38.0,0.867,1,59
670B,0.0,0.5,1,66.0,38.0,0.867,1,60
670B,0.0,0.5,1,66.0,38.0,0.867,1,61
670B,0.0,0.5,1,66.0,38.0,0.867,1,62
670B,0.0,0.5,1,66.0,38.0,0.867,1,63
670B,0.0,0.5,1,66.0,38.0,0.867,1,64
670B,0.0,0.5,1,66.0,38.0,0.867,1,65
670B,0.0,0.5,1,66.0,38.0,0.867,1,66
670B,0.0,0.5,1,66.0,38.0,0.867,1,67
670B,0.0,0.5,1,66.0,38.0,0.867,1,68
670B,0.0,0.5,1,66.0,38.0,0.867,1,69
670B,0.0,0.5,1,66.0,38.0,0.867,1,70
670B,0.0,0.5,1,66.0,38.0,0.867,1,71
670B,0.0,0.5,1,66.0,38.0,0.867,1,72
670B,0.0,0.5,1,66.0,38.0,0.867,1,73
670B,0.0,0.5,1,66.0,38.0,0.867,1,74
670B,0.0,0.5,1,66.0,38.0,0.867,1,75
670B,0.0,0.5,1,66.0,38.0,0.867,1,76
670B,0.0,0.5,1,66.0,38.0,0.867,1,77
670B,0.0,0.5,1,66.0,38.0,0.867,1,78
670B,0.0,0.5,1,66.0,38.0,0.867,1,79
670B,0.0,0.5,1,66.0,38.0,0.867,1,80
670B,0.0,0.5,1,66.0,38.0,0.867,1,81
670B,0.0,0.5,1,66.0,38.0,0.867,1,82
670B,0.0,0.5,1,66.0,38.0,0.867,1,83
670B,0.0,0.5,1,66.0,38.0,0.867,1,84
670B,0.0,0.5,1,66.0,38.0,0.867,1,85
670B,0.0,0.5,1,66.0,38.0,0.867,1,86
670B,0.0,0.5,1,66.0,38.0,0.867,1,87
670B,0.0,0.5,1,66.0,38.0,0.867,1,88
670B,0.0,0.5,1,66.0,38.0,0.867,1,89
670B,0.0,0.5,1,66.0,38.0,0.867,1,90
670B,0.0,0.5,1,66.0,38.0,0.867,1,91
670B,0.0,0.5,1,66.0,38.0,0.867,1,92
670B,0.0,0.5,1,66.0,38.0,0.867,1,93
670B,0.0,0.5,1,66.0,38.0,0.867,1,94
670B,0.0,0.5,1,66.0,38.0,0.867,1,95
670B,0.0,0.5,1,66.0,38.0,0.867,1,96
670B,0.0,0.5,1,66.0,38.0,0.867,1,97
670B,0.0,0.5,1,66.0,38.0,0.867,1,98
670B,0.0,0.5,1,66.0,38.0,0.867,1,99
670B,0.0,0.5,1,66.0,38.0,0.867,1,100
670C,0.0,0.5,1,117.0,68.0,0.865,1,1
670C,0.0,0.5,1,117.0,68.0,0.865,1,2
670C,0.0,0.5,1,117.0,68.0,0.865,1,3
670C,0.0,0.5,1,117.0,68.0,0.865,1,4
670C,0.0,0.5,1,117.0,68.0,0.865,1,5
670C,0.0,0.5,1,117.0,68.0,0.865,1,6
670C,0.0,0.5,1,117.0,68.0,0.865,1,7
670C,0.0,0.5,1,117.0,68.0,0.865,1,8
670C,0.0,0.5,1,117.0,68.0,0.865,1,9
670C,0.0,0.5,1,117.0,68.0,0.865,1,10
670C,0.0,0.5,1,117.0,68.0,0.865,1,11
670C,0.0,0.5,1,117.0,68.0,0.865,1,12
670C,0.0,0.5,1,117.0,68.0,0.865,1,13
670C,0.0,0.5,1,117.0,68.0,0.865,1,14
670C,0.0,0.5,1,117.0,68.0,0.865,1,15
670C,0.0,0.5,1,117.0,68.0,0.865,1,16
670C,0.0,0.5,1,117.0,68.0,0.865,1,17
670C,0.0,0.5,1,117.0,68.0,0.865,1,18
670C,0.0,0.5,1,117.0,68.0,0.865,1,19
670C,0.0,0.5,1,117.0,68.0,0.865,1,20
670C,0.0,0.5,1,117.0,68.0,0.865,1,21
670C,0.0,0.5,1,117.0,68.0,0.865,1,22
670C,0.0,0.5,1,117.0,68.0,0.865,1,23
670C,0.0,0.5,1,117.0,68.0,0.865,1,24
670C,0.0,0.5,1,117.0,68.0,0.865,1,25
670C,0.0,0.5,1,117.0,68.0,0.865,1,26
670C,0.0,0.5,1,117.0,68.0,0.865,1,27
670C,0.0,0.5,1,117.0,68.0,0.865,1,28
670C,0.0,0.5,1,117.0,68.0,0.865,1,29
670C,0.0,0.5,1,117.0,68.0,0.865,1,30
670C,0.0,0.5,1,117.0,68.0,0.865,1,31
670C,0.0,0.5,1,117.0,68.0,0.865,1,32
670C,0.0,0.5,1,117.0,68.0,0.865,1,33
670C,0.0,0.5,1,117.0,68.0,0.865,1,34
670C,0.0,0.5,1,117.0,68.0,0.865,1,35
670C,0.0,0.5,1,117.0,68.0,0.865,1,36
670C,0.0,0.5,1,117.0,68.0,0.865,1,37
670C,0.0,0.5,1,117.0,68.0,0.865,1,38
670C,0.0,0.5,1,117.0,68.0,0.865,1,39
670C,0.0,0.5,1,117.0,68.0,0.865,1,40
670C,0.0,0.5,1,117.0,68.0,0.865,1,41
670C,0.0,0.5,1,117.0,68.0,0.865,1,42
670C,0.0,0.5,1,117.0,68.0,0.865,1,43
670C,0.0,0.5,1,117.0,68.0,0.865,1,44
670C,0.0,0.5,1,117.0,68.0,0.865,1,45
670C,0.0,0.5,1,117.0,68.0,0.865,1,46
670C,0.0,0.5,1,117.0,68.0,0.865,1,47
670C,0.0,0.5,1,117.0,68.0,0.865,1,48
670C,0.0,0.5,1,117.0,68.0,0.865,1,49
670C,0.0,0.5,1,117.0,68.0,0.865,1,50
670C,0.0,0.5,1,117.0,68.0,0.865,1,51
670C,0.0,0.5,1,117.0,68.0,0.865,1,52
670C,0.0,0.5,1,117.0,68.0,0.865,1,53
670C,0.0,0.5,1,117.0,68.0,0.865,1,54
670C,0.0,0.5,1,117.0,68.0,0.865,1,55
670C,0.0,0.5,1,117.0,68.0,0.865,1,56
670C,0.0,0.5,1,117.0,68.0,0.865,1,57
670C,0.0,0.5,1,117.0,68.0,0.865,1,58
670C,0.0,0.5,1,117.0,68.0,0.865,1,59
670C,0.0,0.5,1,117.0,68.0,0.865,1,60
670C,0.0,0.5,1,117.0,68.0,0.865,1,61
670C,0.0,0.5,1,117.0,68.0,0.865,1,62
670C,0.0,0.5,1,117.0,68.0,0.865,1,63
670C,0.0,0.5,1,117.0,68.0,0.865,1,64
670C,0.0,0.5,1,117.0,68.0,0.865,1,65
670C,0.0,0.5,1,117.0,68.0,0.865,1,66
670C,0.0,0.5,1,117.0,68.0,0.865,1,67
670C,0.0,0.5,1,117.0,68.0,0.865,1,68
670C,0.0,0.5,1,117.0,68.0,0.865,1,69
670C,0.0,0.5,1,117.0,68.0,0.865,1,70
670C,0.0,0.5,1,117.0,68.0,0.865,1,71
670C,0.0,0.5,1,117.0,68.0,0.865,1,72
670C,0.0,0.5,1,117.0,68.0,0.865,1,73
670C,0.0,0.5,1,117.0,68.0,0.865,1,74
670C,0.0,0.5,1,117.0,68.0,0.865,1,75
670C,0.0,0.5,1,117.0,68.0,0.865,1,76
670C,0.0,0.5,1,117.0,68.0,0.865,1,77
670C,0.0,0.5,1,117.0,68.0,0.865,1,78
670C,0.0,0.5,1,117.0,68.0,0.865,1,79
670C,0.0,0.5,1,117.0,68.0,0.865,1,80
670C,0.0,0.5,1,117.0,68.0,0.865,1,81
670C,0.0,0.5,1,117.0,68.0,0.865,1,82
670C,0.0,0.5,1,117.0,68.0,0.865,1,83
670C,0.0,0.5,1,117.0,68.0,0.865,1,84
670C,0.0,0.5,1,117.0,68.0,0.865,1,85
670C,0.0,0.5,1,117.0,68.0,0.865,1,86
670C,0.0,0.5,1,117.0,68.0,0.865,1,87
670C,0.0,0.5,1,117.0,68.0,0.865,1,88
670C,0.0,0.5,1,117.0,68.0,0.865,1,89
670C,0.0,0.5,1,117.0,68.0,0.865,1,90
670C,0.0,0.5,1,117.0,68.0,0.865,1,91
670C,0.0,0.5,1,117.0,68.0,0.865,1,92
670C,0.0,0.5,1,117.0,68.0,0.865,1,93
670C,0.0,0.5,1,117.0,68.0,0.865,1,94
670C,0.0,0.5,1,117.0,68.0,0.865,1,95
670C,0.0,0.5,1,117.0,68.0,0.865,1,96
670C,0.0,0.5,1,117.0,68.0,0.865,1,97
670C,0.0,0.5,1,117.0,68.0,0.865,1,98
670C,0.0,0.5,1,117.0,68.0,0.865,1,99
670C,0.0,0.5,1,117.0,68.0,0.865,1,100
671,0.0,0.5,3,1155.0,660.0,0.868,1,1
671,0.0,0.5,3,1155.0,660.0,0.868,1,2
671,0.0,0.5,3,1155.0,660.0,0.868,1,3
671,0.0,0.5,3,1155.0,660.0,0.868,1,4
671,0.0,0.5,3,1155.0,660.0,0.868,1,5
671,0.0,0.5,3,1155.0,660.0,0.868,1,6
671,0.0,0.5,3,1155.0,660.0,0.868,1,7
671,0.0,0.5,3,1155.0,660.0,0.868,1,8
671,0.0,0.5,3,1155.0,660.0,0.868,1,9
671,0.0,0.5,3,1155.0,660.0,0.868,1,10
671,0.0,0.5,3,1155.0,660.0,0.868,1,11
671,0.0,0.5,3,1155.0,660.0,0.868,1,12
671,0.0,0.5,3,1155.0,660.0,0.868,1,13
671,0.0,0.5,3,1155.0,660.0,0.868,1,14
671,0.0,0.5,3,1155.0,660.0,0.868,1,15
671,0.0,0.5,3,1155.0,660.0,0.868,1,16
671,0.0,0.5,3,1155.0,660.0,0.868,1,17
671,0.0,0.5,3,1155.0,660.0,0.868,1,18
671,0.0,0.5,3,1155.0,660.0,0.868,1,19
671,0.0,0.5,3,1155.0,660.0,0.868,1,20
671,0.0,0.5,3,1155.0,660.0,0.868,1,21
671,0.0,0.5,3,1155.0,660.0,0.868,1,22
671,0.0,0.5,3,1155.0,660.0,0.868,1,23
671,0.0,0.5,3,1155.0,660.0,0.868,1,24
671,0.0,0.5,3,1155.0,660.0,0.868,1,25
671,0.0,0.5,3,1155.0,660.0,0.868,1,26
671,0.0,0.5,3,1155.0,660.0,0.868,1,27
671,0.0,0.5,3,1155.0,660.0,0.868,1,28
671,0.0,0.5,3,1155.0,660.0,0.868,1,29
671,0.0,0.5,3,1155.0,660.0,0.868,1,30
671,0.0,0.5,3,1155.0,660.0,0.868,1,31
671,0.0,0.5,3,1155.0,660.0,0.868,1,32
671,0.0,0.5,3,1155.0,660.0,0.868,1,33
671,0.0,0.5,3,1155.0,660.0,0.868,1,34
671,0.0,0.5,3,1155.0,660.0,0.868,1,35
671,0.0,0.5,3,1155.0,660.0,0.868,1,36
671,0.0,0.5,3,1155.0,660.0,0.868,1,37
671,0.0,0.5,3,1155.0,660.0,0.868,1,38
671,0.0,0.5,3,1155.0,660.0,0.868,1,39
671,0.0,0.5,3,1155.0,660.0,0.868,1,40
671,0.0,0.5,3,1155.0,660.0,0.868,1,41
671,0.0,0.5,3,1155.0,660.0,0.868,1,42
671,0.0,0.5,3,1155.0,660.0,0.868,1,43
671,0.0,0.5,3,1155.0,660.0,0.868,1,44
671,0.0,0.5,3,1155.0,660.0,0.868,1,45
671,0.0,0.5,3,1155.0,660.0,0.868,1,46
671,0.0,0.5,3,1155.0,660.0,0.868,1,47
671,0.0,0.5,3,1155.0,660.0,0.868,1,48
671,0.0,0.5,3,1155.0,660.0,0.868,1,49
671,0.0,0.5,3,1155.0,660.0,0.868,1,50
671,0.0,0.5,3,1155.0,660.0,0.868,1,51
671,0.0,0.5,3,1155.0,660.0,0.868,1,52
671,0.0,0.5,3,1155.0,660.0,0.868,1,53
671,0.0,0.5,3,1155.0,660.0,0.868,1,54
671,0.0,0.5,3,1155.0,660.0,0.868,1,55
671,0.0,0.5,3,1155.0,660.0,0.868,1,56
671,0.0,0.5,3,1155.0,660.0,0.868,1,57
671,0.0,0.5,3,1155.0,660.0,0.868,1,58
671,0.0,0.5,3,1155.0,660.0,0.868,1,59
671,0.0,0.5,3,1155.0,660.0,0.868,1,60
671,0.0,0.5,3,1155.0,660.0,0.868,1,61
671,0.0,0.5,3,1155.0,660.0,0.868,1,62
671,0.0,0.5,3,1155.0,660.0,0.868,1,63
671,0.0,0.5,3,1155.0,660.0,0.868,1,64
671,0.0,0.5,3,1155.0,660.0,0.868,1,65
671,0.0,0.5,3,1155.0,660.0,0.868,1,66
671,0.0,0.5,3,1155.0,660.0,0.868,1,67
671,0.0,0.5,3,1155.0,660.0,0.868,1,68
671,0.0,0.5,3,1155.0,660.0,0.868,1,69
671,0.0,0.5,3,1155.0,660.0,0.868,1,70
671,0.0,0.5,3,1155.0,660.0,0.868,1,71
671,0.0,0.5,3,1155.0,660.0,0.868,1,72
671,0.0,0.5,3,1155.0,660.0,0.868,1,73
671,0.0,0.5,3,1155.0,660.0,0.868,1,74
671,0.0,0.5,3,1155.0,660.0,0.868,1,75
671,0.0,0.5,3,1155.0,660.0,0.868,1,76
671,0.0,0.5,3,1155.0,660.0,0.868,1,77
671,0.0,0.5,3,1155.0,660.0,0.868,1,78
671,0.0,0.5,3,1155.0,660.0,0.868,1,79
671,0.0,0.5,3,1155.0,660.0,0.868,1,80
671,0.0,0.5,3,1155.0,660.0,0.868,1,81
671,0.0,0.5,3,1155.0,660.0,0.868,1,82
671,0.0,0.5,3,1155.0,660.0,0.868,1,83
671,0.0,0.5,3,1155.0,660.0,0.868,1,84
671,0.0,0.5,3,1155.0,660.0,0.868,1,85
671,0.0,0.5,3,1155.0,660.0,0.868,1,86
671,0.0,0.5,3,1155.0,660.0,0.868,1,87
671,0.0,0.5,3,1155.0,660.0,0.868,1,88
671,0.0,0.5,3,1155.0,660.0,0.868,1,89
671,0.0,0.5,3,1155.0,660.0,0.868,1,90
671,0.0,0.5,3,1155.0,660.0,0.868,1,91
671,0.0,0.5,3,1155.0,660.0,0.868,1,92
671,0.0,0.5,3,1155.0,660.0,0.868,1,93
671,0.0,0.5,3,1155.0,660.0,0.868,1,94
671,0.0,0.5,3,1155.0,660.0,0.868,1,95
671,0.0,0.5,3,1155.0,660.0,0.868,1,96
671,0.0,0.5,3,1155.0,660.0,0.868,1,97
671,0.0,0.5,3,1155.0,660.0,0.868,1,98
671,0.0,0.5,3,1155.0,660.0,0.868,1,99
671,0.0,0.5,3,1155.0,660.0,0.868,1,100
675A,0.0,0.5,1,485.0,190.0,0.9309999999999999,1,1
675A,0.0,0.5,1,485.0,190.0,0.9309999999999999,1,2
675A,0.0,0.5,1,485.0,190.0,0.9309999999999999,1,3
675A,0.0,0.5,1,485.0,190.0,0.9309999999999999,1,4
675A,0.0,0.5,1,485.0,190.0,0.9309999999999999,1,5
675A,0.0,0.5,1,485.0,190.0,0.9309999999999999,1,6
675A,0.0,0.5,1,485.0,190.0,0.9309999999999999,1,7
675A,0.0,0.5,1,485.0,190.0,0.9309999999999999,1,8
675A,0.0,0.5,1,485.0,190.0,0.9309999999999999,1,9
675A,0.0,0.5,1,485.0,190.0,0.9309999999999999,1,10
675A,0.0,0.5,1,485.0,190.0,0.9309999999999999,1,11
675A,0.0,0.5,1,485.0,190.0,0.9309999999999999,1,12
675A,0.0,0.5,1,485.0,190.0,0.9309999999999999,1,13
675A,0.0,0.5,1,485.0,190.0,0.9309999999999999,1,14
675A,0.0,0.5,1,485.0,190.0,0.9309999999999999,1,15
675A,0.0,0.5,1,485.0,190.0,0.9309999999999999,1,16
675A,0.0,0.5,1,485.0,190.0,0.9309999999999999,1,17
675A,0.0,0.5,1,485.0,190.0,0.9309999999999999,1,18
675A,0.0,0.5,1,485.0,190.0,0.9309999999999999,1,19
675A,0.0,0.5,1,485.0,190.0,0.9309999999999999,1,20
675A,0.0,0.5,1,485.0,190.0,0.9309999999999999,1,21
675A,0.0,0.5,1,485.0,190.0,0.9309999999999999,1,22
675A,0.0,0.5,1,485.0,190.0,0.9309999999999999,1,23
675A,0.0,0.5,1,485.0,190.0,0.9309999999999999,1,24
675A,0.0,0.5,1,485.0,190.0,0.9309999999999999,1,25
675A,0.0,0.5,1,485.0,190.0,0.9309999999999999,1,26
675A,0.0,0.5,1,485.0,190.0,0.9309999999999999,1,27
675A,0.0,0.5,1,485.0,190.0,0.9309999999999999,1,28
675A,0.0,0.5,1,485.0,190.0,0.9309999999999999,1,29
675A,0.0,0.5,1,485.0,190.0,0.9309999999999999,1,30
675A,0.0,0.5,1,485.0,190.0,0.9309999999999999,1,31
675A,0.0,0.5,1,485.0,190.0,0.9309999999999999,1,32
675A,0.0,0.5,1,485.0,190.0,0.9309999999999999,1,33
675A,0.0,0.5,1,485.0,190.0,0.9309999999999999,1,34
675A,0.0,0.5,1,485.0,190.0,0.9309999999999999,1,35
675A,0.0,0.5,1,485.0,190.0,0.9309999999999999,1,36
675A,0.0,0.5,1,485.0,190.0,0.9309999999999999,1,37
675A,0.0,0.5,1,485.0,190.0,0.9309999999999999,1,38
675A,0.0,0.5,1,485.0,190.0,0.9309999999999999,1,39
675A,0.0,0.5,1,485.0,190.0,0.9309999999999999,1,40
675A,0.0,0.5,1,485.0,190.0,0.9309999999999999,1,41
675A,0.0,0.5,1,485.0,190.0,0.9309999999999999,1,42
675A,0.0,0.5,1,485.0,190.0,0.9309999999999999,1,43
675A,0.0,0.5,1,485.0,190.0,0.9309999999999999,1,44
675A,0.0,0.5,1,485.0,190.0,0.9309999999999999,1,45
675A,0.0,0.5,1,485.0,190.0,0.9309999999999999,1,46
675A,0.0,0.5,1,485.0,190.0,0.9309999999999999,1,47
675A,0.0,0.5,1,485.0,190.0,0.9309999999999999,1,48
675A,0.0,0.5,1,485.0,190.0,0.9309999999999999,1,49
675A,0.0,0.5,1,485.0,190.0,0.9309999999999999,1,50
675A,0.0,0.5,1,485.0,190.0,0.9309999999999999,1,51
675A,0.0,0.5,1,485.0,190.0,0.9309999999999999,1,52
675A,0.0,0.5,1,485.0,190.0,0.9309999999999999,1,53
675A,0.0,0.5,1,485.0,190.0,0.9309999999999999,1,54
675A,0.0,0.5,1,485.0,190.0,0.9309999999999999,1,55
675A,0.0,0.5,1,485.0,190.0,0.9309999999999999,1,56
675A,0.0,0.5,1,485.0,190.0,0.9309999999999999,1,57
675A,0.0,0.5,1,485.0,190.0,0.9309999999999999,1,58
675A,0.0,0.5,1,485.0,190.0,0.9309999999999999,1,59
675A,0.0,0.5,1,485.0,190.0,0.9309999999999999,1,60
675A,0.0,0.5,1,485.0,190.0,0.9309999999999999,1,61
675A,0.0,0.5,1,485.0,190.0,0.9309999999999999,1,62
675A,0.0,0.5,1,485.0,190.0,0.9309999999999999,1,63
675A,0.0,0.5,1,485.0,190.0,0.9309999999999999,1,64
675A,0.0,0.5,1,485.0,190.0,0.9309999999999999,1,65
675A,0.0,0.5,1,485.0,190.0,0.9309999999999999,1,66
675A,0.0,0.5,1,485.0,190.0,0.9309999999999999,1,67
675A,0.0,0.5,1,485.0,190.0,0.9309999999999999,1,68
675A,0.0,0.5,1,485.0,190.0,0.9309999999999999,1,69
675A,0.0,0.5,1,485.0,190.0,0.9309999999999999,1,70
675A,0.0,0.5,1,485.0,190.0,0.9309999999999999,1,71
675A,0.0,0.5,1,485.0,190.0,0.9309999999999999,1,72
675A,0.0,0.5,1,485.0,190.0,0.9309999999999999,1,73
675A,0.0,0.5,1,485.0,190.0,0.9309999999999999,1,74
675A,0.0,0.5,1,485.0,190.0,0.9309999999999999,1,75
675A,0.0,0.5,1,485.0,190.0,0.9309999999999999,1,76
675A,0.0,0.5,1,485.0,190.0,0.9309999999999999,1,77
675A,0.0,0.5,1,485.0,190.0,0.9309999999999999,1,78
675A,0.0,0.5,1,485.0,190.0,0.9309999999999999,1,79
675A,0.0,0.5,1,485.0,190.0,0.9309999999999999,1,80
675A,0.0,0.5,1,485.0,190.0,0.9309999999999999,1,81
675A,0.0,0.5,1,485.0,190.0,0.9309999999999999,1,82
675A,0.0,0.5,1,485.0,190.0,0.9309999999999999,1,83
675A,0.0,0.5,1,485.0,190.0,0.9309999999999999,1,84
675A,0.0,0.5,1,485.0,190.0,0.9309999999999999,1,85
675A,0.0,0.5,1,485.0,190.0,0.9309999999999999,1,86
675A,0.0,0.5,1,485.0,190.0,0.9309999999999999,1,87
675A,0.0,0.5,1,485.0,190.0,0.9309999999999999,1,88
675A,0.0,0.5,1,485.0,190.0,0.9309999999999999,1,89
675A,0.0,0.5,1,485.0,190.0,0.9309999999999999,1,90
675A,0.0,0.5,1,485.0,190.0,0.9309999999999999,1,91
675A,0.0,0.5,1,485.0,190.0,0.9309999999999999,1,92
675A,0.0,0.5,1,485.0,190.0,0.9309999999999999,1,93
675A,0.0,0.5,1,485.0,190.0,0.9309999999999999,1,94
675A,0.0,0.5,1,485.0,190.0,0.9309999999999999,1,95
675A,0.0,0.5,1,485.0,190.0,0.9309999999999999,1,96
675A,0.0,0.5,1,485.0,190.0,0.9309999999999999,1,97
675A,0.0,0.5,1,485.0,190.0,0.9309999999999999,1,98
675A,0.0,0.5,1,485.0,190.0,0.9309999999999999,1,99
675A,0.0,0.5,1,485.0,190.0,0.9309999999999999,1,100
675B,0.0,0.5,1,68.0,60.0,0.75,1,1
675B,0.0,0.5,1,68.0,60.0,0.75,1,2
675B,0.0,0.5,1,68.0,60.0,0.75,1,3
675B,0.0,0.5,1,68.0,60.0,0.75,1,4
675B,0.0,0.5,1,68.0,60.0,0.75,1,5
675B,0.0,0.5,1,68.0,60.0,0.75,1,6
675B,0.0,0.5,1,68.0,60.0,0.75,1,7
675B,0.0,0.5,1,68.0,60.0,0.75,1,8
675B,0.0,0.5,1,68.0,60.0,0.75,1,9
675B,0.0,0.5,1,68.0,60.0,0.75,1,10
675B,0.0,0.5,1,68.0,60.0,0.75,1,11
675B,0.0,0.5,1,68.0,60.0,0.75,1,12
675B,0.0,0.5,1,68.0,60.0,0.75,1,13
675B,0.0,0.5,1,68.0,60.0,0.75,1,14
675B,0.0,0.5,1,68.0,60.0,0.75,1,15
675B,0.0,0.5,1,68.0,60.0,0.75,1,16
675B,0.0,0.5,1,68.0,60.0,0.75,1,17
675B,0.0,0.5,1,68.0,60.0,0.75,1,18
675B,0.0,0.5,1,68.0,60.0,0.75,1,19
675B,0.0,0.5,1,68.0,60.0,0.75,1,20
675B,0.0,0.5,1,68.0,60.0,0.75,1,21
675B,0.0,0.5,1,68.0,60.0,0.75,1,22
675B,0.0,0.5,1,68.0,60.0,0.75,1,23
675B,0.0,0.5,1,68.0,60.0,0.75,1,24
675B,0.0,0.5,1,68.0,60.0,0.75,1,25
675B,0.0,0.5,1,68.0,60.0,0.75,1,26
675B,0.0,0.5,1,68.0,60.0,0.75,1,27
675B,0.0,0.5,1,68.0,60.0,0.75,1,28
675B,0.0,0.5,1,68.0,60.0,0.75,1,29
675B,0.0,0.5,1,68.0,60.0,0.75,1,30
675B,0.0,0.5,1,68.0,60.0,0.75,1,31
675B,0.0,0.5,1,68.0,60.0,0.75,1,32
675B,0.0,0.5,1,68.0,60.0,0.75,1,33
675B,0.0,0.5,1,68.0,60.0,0.75,1,34
675B,0.0,0.5,1,68.0,60.0,0.75,1,35
675B,0.0,0.5,1,68.0,60.0,0.75,1,36
675B,0.0,0.5,1,68.0,60.0,0.75,1,37
675B,0.0,0.5,1,68.0,60.0,0.75,1,38
675B,0.0,0.5,1,68.0,60.0,0.75,1,39
675B,0.0,0.5,1,68.0,60.0,0.75,1,40
675B,0.0,0.5,1,68.0,60.0,0.75,1,41
675B,0.0,0.5,1,68.0,60.0,0.75,1,42
675B,0.0,0.5,1,68.0,60.0,0.75,1,43
675B,0.0,0.5,1,68.0,60.0,0.75,1,44
675B,0.0,0.5,1,68.0,60.0,0.75,1,45
675B,0.0,0.5,1,68.0,60.0,0.75,1,46
675B,0.0,0.5,1,68.0,60.0,0.75,1,47
675B,0.0,0.5,1,68.0,60.0,0.75,1,48
675B,0.0,0.5,1,68.0,60.0,0.75,1,49
675B,0.0,0.5,1,68.0,60.0,0.75,1,50
675B,0.0,0.5,1,68.0,60.0,0.75,1,51
675B,0.0,0.5,1,68.0,60.0,0.75,1,52
675B,0.0,0.5,1,68.0,60.0,0.75,1,53
675B,0.0,0.5,1,68.0,60.0,0.75,1,54
675B,0.0,0.5,1,68.0,60.0,0.75,1,55
675B,0.0,0.5,1,68.0,60.0,0.75,1,56
675B,0.0,0.5,1,68.0,60.0,0.75,1,57
675B,0.0,0.5,1,68.0,60.0,0.75,1,58
675B,0.0,0.5,1,68.0,60.0,0.75,1,59
675B,0.0,0.5,1,68.0,60.0,0.75,1,60
675B,0.0,0.5,1,68.0,60.0,0.75,1,61
675B,0.0,0.5,1,68.0,60.0,0.75,1,62
675B,0.0,0.5,1,68.0,60.0,0.75,1,63
675B,0.0,0.5,1,68.0,60.0,0.75,1,64
675B,0.0,0.5,1,68.0,60.0,0.75,1,65
675B,0.0,0.5,1,68.0,60.0,0.75,1,66
675B,0.0,0.5,1,68.0,60.0,0.75,1,67
675B,0.0,0.5,1,68.0,60.0,0.75,1,68
675B,0.0,0.5,1,68.0,60.0,0.75,1,69
675B,0.0,0.5,1,68.0,60.0,0.75,1,70
675B,0.0,0.5,1,68.0,60.0,0.75,1,71
675B,0.0,0.5,1,68.0,60.0,0.75,1,72
675B,0.0,0.5,1,68.0,60.0,0.75,1,73
675B,0.0,0.5,1,68.0,60.0,0.75,1,74
675B,0.0,0.5,1,68.0,60.0,0.75,1,75
675B,0.0,0.5,1,68.0,60.0,0.75,1,76
675B,0.0,0.5,1,68.0,60.0,0.75,1,77
675B,0.0,0.5,1,68.0,60.0,0.75,1,78
675B,0.0,0.5,1,68.0,60.0,0.75,1,79
675B,0.0,0.5,1,68.0,60.0,0.75,1,80
675B,0.0,0.5,1,68.0,60.0,0.75,1,81
675B,0.0,0.5,1,68.0,60.0,0.75,1,82
675B,0.0,0.5,1,68.0,60.0,0.75,1,83
675B,0.0,0.5,1,68.0,60.0,0.75,1,84
675B,0.0,0.5,1,68.0,60.0,0.75,1,85
675B,0.0,0.5,1,68.0,60.0,0.75,1,86
675B,0.0,0.5,1,68.0,60.0,0.75,1,87
675B,0.0,0.5,1,68.0,60.0,0.75,1,88
675B,0.0,0.5,1,68.0,60.0,0.75,1,89
675B,0.0,0.5,1,68.0,60.0,0.75,1,90
675B,0.0,0.5,1,68.0,60.0,0.75,1,91
675B,0.0,0.5,1,68.0,60.0,0.75,1,92
675B,0.0,0.5,1,68.0,60.0,0.75,1,93
675B,0.0,0.5,1,68.0,60.0,0.75,1,94
675B,0.0,0.5,1,68.0,60.0,0.75,1,95
675B,0.0,0.5,1,68.0,60.0,0.75,1,96
675B,0.0,0.5,1,68.0,60.0,0.75,1,97
675B,0.0,0.5,1,68.0,60.0,0.75,1,98
675B,0.0,0.5,1,68.0,60.0,0.75,1,99
675B,0.0,0.5,1,68.0,60.0,0.75,1,100
675C,0.0,0.5,1,290.0,212.0,0.807,1,1
675C,0.0,0.5,1,290.0,212.0,0.807,1,2
675C,0.0,0.5,1,290.0,212.0,0.807,1,3
675C,0.0,0.5,1,290.0,212.0,0.807,1,4
675C,0.0,0.5,1,290.0,212.0,0.807,1,5
675C,0.0,0.5,1,290.0,212.0,0.807,1,6
675C,0.0,0.5,1,290.0,212.0,0.807,1,7
675C,0.0,0.5,1,290.0,212.0,0.807,1,8
675C,0.0,0.5,1,290.0,212.0,0.807,1,9
675C,0.0,0.5,1,290.0,212.0,0.807,1,10
675C,0.0,0.5,1,290.0,212.0,0.807,1,11
675C,0.0,0.5,1,290.0,212.0,0.807,1,12
675C,0.0,0.5,1,290.0,212.0,0.807,1,13
675C,0.0,0.5,1,290.0,212.0,0.807,1,14
675C,0.0,0.5,1,290.0,212.0,0.807,1,15
675C,0.0,0.5,1,290.0,212.0,0.807,1,16
675C,0.0,0.5,1,290.0,212.0,0.807,1,17
675C,0.0,0.5,1,290.0,212.0,0.807,1,18
675C,0.0,0.5,1,290.0,212.0,0.807,1,19
675C,0.0,0.5,1,290.0,212.0,0.807,1,20
675C,0.0,0.5,1,290.0,212.0,0.807,1,21
675C,0.0,0.5,1,290.0,212.0,0.807,1,22
675C,0.0,0.5,1,290.0,212.0,0.807,1,23
675C,0.0,0.5,1,290.0,212.0,0.807,1,24
675C,0.0,0.5,1,290.0,212.0,0.807,1,25
675C,0.0,0.5,1,290.0,212.0,0.807,1,26
675C,0.0,0.5,1,290.0,212.0,0.807,1,27
675C,0.0,0.5,1,290.0,212.0,0.807,1,28
675C,0.0,0.5,1,290.0,212.0,0.807,1,29
675C,0.0,0.5,1,290.0,212.0,0.807,1,30
675C,0.0,0.5,1,290.0,212.0,0.807,1,31
675C,0.0,0.5,1,290.0,212.0,0.807,1,32
675C,0.0,0.5,1,290.0,212.0,0.807,1,33
675C,0.0,0.5,1,290.0,212.0,0.807,1,34
675C,0.0,0.5,1,290.0,212.0,0.807,1,35
675C,0.0,0.5,1,290.0,212.0,0.807,1,36
675C,0.0,0.5,1,290.0,212.0,0.807,1,37
675C,0.0,0.5,1,290.0,212.0,0.807,1,38
675C,0.0,0.5,1,290.0,212.0,0.807,1,39
675C,0.0,0.5,1,290.0,212.0,0.807,1,40
675C,0.0,0.5,1,290.0,212.0,0.807,1,41
675C,0.0,0.5,1,290.0,212.0,0.807,1,42
675C,0.0,0.5,1,290.0,212.0,0.807,1,43
675C,0.0,0.5,1,290.0,212.0,0.807,1,44
675C,0.0,0.5,1,290.0,212.0,0.807,1,45
675C,0.0,0.5,1,290.0,212.0,0.807,1,46
675C,0.0,0.5,1,290.0,212.0,0.807,1,47
675C,0.0,0.5,1,290.0,212.0,0.807,1,48
675C,0.0,0.5,1,290.0,212.0,0.807,1,49
675C,0.0,0.5,1,290.0,212.0,0.807,1,50
675C,0.0,0.5,1,290.0,212.0,0.807,1,51
675C,0.0,0.5,1,290.0,212.0,0.807,1,52
675C,0.0,0.5,1,290.0,212.0,0.807,1,53
675C,0.0,0.5,1,290.0,212.0,0.807,1,54
675C,0.0,0.5,1,290.0,212.0,0.807,1,55
675C,0.0,0.5,1,290.0,212.0,0.807,1,56
675C,0.0,0.5,1,290.0,212.0,0.807,1,57
675C,0.0,0.5,1,290.0,212.0,0.807,1,58
675C,0.0,0.5,1,290.0,212.0,0.807,1,59
675C,0.0,0.5,1,290.0,212.0,0.807,1,60
675C,0.0,0.5,1,290.0,212.0,0.807,1,61
675C,0.0,0.5,1,290.0,212.0,0.807,1,62
675C,0.0,0.5,1,290.0,212.0,0.807,1,63
675C,0.0,0.5,1,290.0,212.0,0.807,1,64
675C,0.0,0.5,1,290.0,212.0,0.807,1,65
675C,0.0,0.5,1,290.0,212.0,0.807,1,66
675C,0.0,0.5,1,290.0,212.0,0.807,1,67
675C,0.0,0.5,1,290.0,212.0,0.807,1,68
675C,0.0,0.5,1,290.0,212.0,0.807,1,69
675C,0.0,0.5,1,290.0,212.0,0.807,1,70
675C,0.0,0.5,1,290.0,212.0,0.807,1,71
675C,0.0,0.5,1,290.0,212.0,0.807,1,72
675C,0.0,0.5,1,290.0,212.0,0.807,1,73
675C,0.0,0.5,1,290.0,212.0,0.807,1,74
675C,0.0,0.5,1,290.0,212.0,0.807,1,75
675C,0.0,0.5,1,290.0,212.0,0.807,1,76
675C,0.0,0.5,1,290.0,212.0,0.807,1,77
675C,0.0,0.5,1,290.0,212.0,0.807,1,78
675C,0.0,0.5,1,290.0,212.0,0.807,1,79
675C,0.0,0.5,1,290.0,212.0,0.807,1,80
675C,0.0,0.5,1,290.0,212.0,0.807,1,81
675C,0.0,0.5,1,290.0,212.0,0.807,1,82
675C,0.0,0.5,1,290.0,212.0,0.807,1,83
675C,0.0,0.5,1,290.0,212.0,0.807,1,84
675C,0.0,0.5,1,290.0,212.0,0.807,1,85
675C,0.0,0.5,1,290.0,212.0,0.807,1,86
675C,0.0,0.5,1,290.0,212.0,0.807,1,87
675C,0.0,0.5,1,290.0,212.0,0.807,1,88
675C,0.0,0.5,1,290.0,212.0,0.807,1,89
675C,0.0,0.5,1,290.0,212.0,0.807,1,90
675C,0.0,0.5,1,290.0,212.0,0.807,1,91
675C,0.0,0.5,1,290.0,212.0,0.807,1,92
675C,0.0,0.5,1,290.0,212.0,0.807,1,93
675C,0.0,0.5,1,290.0,212.0,0.807,1,94
675C,0.0,0.5,1,290.0,212.0,0.807,1,95
675C,0.0,0.5,1,290.0,212.0,0.807,1,96
675C,0.0,0.5,1,290.0,212.0,0.807,1,97
675C,0.0,0.5,1,290.0,212.0,0.807,1,98
675C,0.0,0.5,1,290.0,212.0,0.807,1,99
675C,0.0,0.5,1,290.0,212.0,0.807,1,100
692,0.0,0.5,1,170.0,151.0,0.748,5,1
692,0.0,0.5,1,170.0,151.0,0.748,5,2
692,0.0,0.5,1,170.0,151.0,0.748,5,3
692,0.0,0.5,1,170.0,151.0,0.748,5,4
692,0.0,0.5,1,170.0,151.0,0.748,5,5
692,0.0,0.5,1,170.0,151.0,0.748,5,6
692,0.0,0.5,1,170.0,151.0,0.748,5,7
692,0.0,0.5,1,170.0,151.0,0.748,5,8
692,0.0,0.5,1,170.0,151.0,0.748,5,9
692,0.0,0.5,1,170.0,151.0,0.748,5,10
692,0.0,0.5,1,170.0,151.0,0.748,5,11
692,0.0,0.5,1,170.0,151.0,0.748,5,12
692,0.0,0.5,1,170.0,151.0,0.748,5,13
692,0.0,0.5,1,170.0,151.0,0.748,5,14
692,0.0,0.5,1,170.0,151.0,0.748,5,15
692,0.0,0.5,1,170.0,151.0,0.748,5,16
692,0.0,0.5,1,170.0,151.0,0.748,5,17
692,0.0,0.5,1,170.0,151.0,0.748,5,18
692,0.0,0.5,1,170.0,151.0,0.748,5,19
692,0.0,0.5,1,170.0,151.0,0.748,5,20
692,0.0,0.5,1,170.0,151.0,0.748,5,21
692,0.0,0.5,1,170.0,151.0,0.748,5,22
692,0.0,0.5,1,170.0,151.0,0.748,5,23
692,0.0,0.5,1,170.0,151.0,0.748,5,24
692,0.0,0.5,1,170.0,151.0,0.748,5,25
692,0.0,0.5,1,170.0,151.0,0.748,5,26
692,0.0,0.5,1,170.0,151.0,0.748,5,27
692,0.0,0.5,1,170.0,151.0,0.748,5,28
692,0.0,0.5,1,170.0,151.0,0.748,5,29
692,0.0,0.5,1,170.0,151.0,0.748,5,30
692,0.0,0.5,1,170.0,151.0,0.748,5,31
692,0.0,0.5,1,170.0,151.0,0.748,5,32
692,0.0,0.5,1,170.0,151.0,0.748,5,33
692,0.0,0.5,1,170.0,151.0,0.748,5,34
692,0.0,0.5,1,170.0,151.0,0.748,5,35
692,0.0,0.5,1,170.0,151.0,0.748,5,36
692,0.0,0.5,1,170.0,151.0,0.748,5,37
692,0.0,0.5,1,170.0,151.0,0.748,5,38
692,0.0,0.5,1,170.0,151.0,0.748,5,39
692,0.0,0.5,1,170.0,151.0,0.748,5,40
692,0.0,0.5,1,170.0,151.0,0.748,5,41
692,0.0,0.5,1,170.0,151.0,0.748,5,42
692,0.0,0.5,1,170.0,151.0,0.748,5,43
692,0.0,0.5,1,170.0,151.0,0.748,5,44
692,0.0,0.5,1,170.0,151.0,0.748,5,45
692,0.0,0.5,1,170.0,151.0,0.748,5,46
692,0.0,0.5,1,170.0,151.0,0.748,5,47
692,0.0,0.5,1,170.0,151.0,0.748,5,48
692,0.0,0.5,1,170.0,151.0,0.748,5,49
692,0.0,0.5,1,170.0,151.0,0.748,5,50
692,0.0,0.5,1,170.0,151.0,0.748,5,51
692,0.0,0.5,1,170.0,151.0,0.748,5,52
692,0.0,0.5,1,170.0,151.0,0.748,5,53
692,0.0,0.5,1,170.0,151.0,0.748,5,54
692,0.0,0.5,1,170.0,151.0,0.748,5,55
692,0.0,0.5,1,170.0,151.0,0.748,5,56
692,0.0,0.5,1,170.0,151.0,0.748,5,57
692,0.0,0.5,1,170.0,151.0,0.748,5,58
692,0.0,0.5,1,170.0,151.0,0.748,5,59
692,0.0,0.5,1,170.0,151.0,0.748,5,60
692,0.0,0.5,1,170.0,151.0,0.748,5,61
692,0.0,0.5,1,170.0,151.0,0.748,5,62
692,0.0,0.5,1,170.0,151.0,0.748,5,63
692,0.0,0.5,1,170.0,151.0,0.748,5,64
692,0.0,0.5,1,170.0,151.0,0.748,5,65
692,0.0,0.5,1,170.0,151.0,0.748,5,66
692,0.0,0.5,1,170.0,151.0,0.748,5,67
692,0.0,0.5,1,170.0,151.0,0.748,5,68
692,0.0,0.5,1,170.0,151.0,0.748,5,69
692,0.0,0.5,1,170.0,151.0,0.748,5,70
692,0.0,0.5,1,170.0,151.0,0.748,5,71
692,0.0,0.5,1,170.0,151.0,0.748,5,72
692,0.0,0.5,1,170.0,151.0,0.748,5,73
692,0.0,0.5,1,170.0,151.0,0.748,5,74
692,0.0,0.5,1,170.0,151.0,0.748,5,75
692,0.0,0.5,1,170.0,151.0,0.748,5,76
692,0.0,0.5,1,170.0,151.0,0.748,5,77
692,0.0,0.5,1,170.0,151.0,0.748,5,78
692,0.0,0.5,1,170.0,151.0,0.748,5,79
692,0.0,0.5,1,170.0,151.0,0.748,5,80
692,0.0,0.5,1,170.0,151.0,0.748,5,81
692,0.0,0.5,1,170.0,151.0,0.748,5,82
692,0.0,0.5,1,170.0,151.0,0.748,5,83
692,0.0,0.5,1,170.0,151.0,0.748,5,84
692,0.0,0.5,1,170.0,151.0,0.748,5,85
692,0.0,0.5,1,170.0,151.0,0.748,5,86
692,0.0,0.5,1,170.0,151.0,0.748,5,87
692,0.0,0.5,1,170.0,151.0,0.748,5,88
692,0.0,0.5,1,170.0,151.0,0.748,5,89
692,0.0,0.5,1,170.0,151.0,0.748,5,90
692,0.0,0.5,1,170.0,151.0,0.748,5,91
692,0.0,0.5,1,170.0,151.0,0.748,5,92
692,0.0,0.5,1,170.0,151.0,0.748,5,93
692,0.0,0.5,1,170.0,151.0,0.748,5,94
692,0.0,0.5,1,170.0,151.0,0.748,5,95
692,0.0,0.5,1,170.0,151.0,0.748,5,96
692,0.0,0.5,1,170.0,151.0,0.748,5,97
692,0.0,0.5,1,170.0,151.0,0.748,5,98
692,0.0,0.5,1,170.0,151.0,0.748,5,99
692,0.0,0.5,1,170.0,151.0,0.748,5,100
