hour,t(sec),V1,VAngle1,V2,VAngle2,V3,VAngle3,I1,IAngle1,I2,IAngle2,I3,IAngle3,Name,P1(kW),P2(kW),P3(kW)
1,0.0,39803.0,-0.159174,39811.9,-120.155,39810.3,119.83200000000001,10.0979,-173.893,9.62229,70.0294,10.4466,-49.7182,monvsource-source,401.92671369999994,383.081647251,415.8822799800001
2,0.0,39805.8,-0.153883,39813.1,-120.152,39810.8,119.838,9.7202,-173.062,9.43228,70.428,10.0799,-49.9253,monvsource-source,386.92033716000003,375.528306868,401.28888292000005
3,0.0,39808.3,-0.14791700000000002,39814.8,-120.146,39812.6,119.845,9.31301,-172.40200000000002,9.07525,70.8652,9.64655,-49.5662,monvsource-source,370.73509598300006,361.32926370000007,384.05423652999997
4,0.0,39808.0,-0.14862,39814.5,-120.146,39813.1,119.845,9.36093,-172.484,9.04163,70.6476,9.63711,-49.3003,monvsource-source,372.63990143999996,359.98797763499994,383.683224141
5,0.0,39807.2,-0.148797,39814.8,-120.145,39813.2,119.84299999999999,9.3903,-172.875,9.01954,70.8022,9.71687,-49.1791,monvsource-source,373.80155016,359.111181192,386.859688684
6,0.0,39807.1,-0.15048599999999998,39814.0,-120.146,39813.3,119.84299999999999,9.49199,-172.774,9.0745,70.3969,9.731069999999999,-49.0941,monvsource-source,377.848595129,361.29214300000007,387.42600923099997
7,0.0,39803.5,-0.15803499999999998,39812.2,-120.15299999999999,39810.8,119.834,10.0195,-173.77700000000002,9.53515,70.0374,10.3437,-49.5919,monvsource-source,398.81116825000004,379.61529883,411.79097196000004
8,0.0,39797.3,-0.172874,39807.9,-120.167,39806.3,119.81700000000001,11.0389,-175.083,10.4252,69.1011,11.4153,-50.3805,monvsource-source,439.31841497000005,415.00531908000005,454.40085639000006
9,0.0,39807.5,-0.153335,39812.0,-120.15299999999999,39809.8,119.84100000000001,9.64837,-172.28599999999997,9.543330000000001,69.9776,9.92264,-50.6348,monvsource-source,384.07748877499995,379.93905396,395.018313872
10,0.0,39805.9,-0.156155,39811.4,-120.155,39809.2,119.837,9.85155,-172.81900000000002,9.6722,69.8103,10.1485,-50.6395,monvsource-source,392.149814145,385.06382308,404.0036662
11,0.0,39819.5,-0.101127,39830.6,-120.103,39824.0,119.884,6.32176,-170.81,6.26984,78.0516,7.11958,-46.0347,monvsource-source,251.72932232,249.73148910400002,283.53015392000003
12,0.0,39864.1,0.061588300000000006,39881.9,-119.934,39875.8,120.042,4.41481,-8.8188,5.6016699999999995,-140.725,4.22305,90.3569,monvsource-source,175.992427321,223.40524277299997,168.39749719
13,0.0,39872.4,0.0814565,39886.4,-119.914,39882.0,120.066,5.82024,-8.50451,6.747210000000001,-136.186,5.60267,99.1143,monvsource-source,232.06693737600003,269.1219169440001,223.44568494
14,0.0,39926.8,0.26814,39938.2,-119.723,39937.7,120.258,18.0579,-2.16955,18.9724,-124.18299999999999,17.9665,114.272,monvsource-source,720.9941617200001,757.7235056799999,717.54068705
15,0.0,39901.7,0.179083,39914.2,-119.82,39908.3,120.164,12.2415,-3.96199,12.8102,-128.192,11.7273,111.46600000000001,monvsource-source,488.45666055,511.30888483999996,468.01660659000004
16,0.0,39857.9,0.0239446,39868.6,-119.98,39861.0,120.009,2.32216,-27.93,3.00025,-162.49,2.14871,67.8666,monvsource-source,92.55642106399999,119.61576714999998,85.64972931
17,0.0,39811.8,-0.128492,39821.6,-120.132,39814.8,119.85799999999999,8.098189999999999,-172.59,8.096789999999999,73.6335,8.8469,-49.4708,monvsource-source,322.40352064199993,322.42713266399994,352.23755412
18,0.0,39822.5,-0.096911,39830.8,-120.105,39822.0,119.889,6.01302,-168.967,6.3724099999999995,78.2716,6.86401,-47.8467,monvsource-source,239.45348895,253.818188228,273.33860622000003
19,0.0,39817.1,-0.105771,39829.2,-120.10600000000001,39822.8,119.87899999999999,6.646719999999999,-171.96200000000002,6.48495,77.1192,7.446739999999999,-46.3962,monvsource-source,264.653114912,258.29037054,296.55003767200003
20,0.0,39812.6,-0.12302300000000001,39823.0,-120.115,39822.4,119.868,7.7595,-172.74,7.102460000000001,73.2317,8.11003,-45.8573,monvsource-source,308.92586969999996,282.84126458000003,322.96085867200003
21,0.0,39811.4,-0.131449,39819.9,-120.12799999999999,39817.8,119.86,8.27985,-172.477,7.90035,72.2949,8.67234,-47.9731,monvsource-source,329.63242028999997,314.591146965,345.313499652
22,0.0,39805.9,-0.143753,39817.2,-120.14,39814.0,119.844,9.13101,-174.109,8.647739999999999,71.6292,9.65743,-48.831,monvsource-source,363.46807095900004,344.3287931279999,384.50091802
23,0.0,39799.3,-0.163021,39811.7,-120.15899999999999,39807.9,119.823,10.4185,-175.218,9.897260000000001,70.2926,11.0007,-50.178999999999995,monvsource-source,414.64900705,394.026745942,437.91476553
24,0.0,39795.6,-0.19009500000000001,39801.1,-120.189,39799.1,119.804,12.0795,-174.23,11.8711,67.8605,12.353,-52.3569,monvsource-source,480.71095019999996,472.48283821,491.63828229999996
25,0.0,39809.3,-0.1481,39814.3,-120.147,39812.2,119.846,9.30115,-171.878,9.15695,70.6798,9.58427,-49.8622,monvsource-source,370.27227069500003,364.57755438500004,381.570874094
26,0.0,39812.0,-0.13911300000000001,39817.3,-120.139,39814.4,119.854,8.715639999999999,-171.345,8.63183,71.7171,9.07227,-49.3626,monvsource-source,346.98705967999996,343.69616465900003,361.206986688
27,0.0,39812.3,-0.138225,39817.4,-120.135,39816.5,119.85700000000001,8.65666,-171.25900000000001,8.39001,71.4248,8.86967,-48.4459,monvsource-source,344.6415449180001,334.068384174,353.15921555499995
28,0.0,39811.5,-0.13785,39818.0,-120.135,39816.4,119.855,8.65122,-171.71400000000003,8.36417,71.7476,8.95224,-48.4205,monvsource-source,344.41804503000003,333.04452106,356.445968736
29,0.0,39810.9,-0.139336,39817.5,-120.134,39817.3,119.855,8.752130000000001,-171.90400000000002,8.31775,71.3483,8.95862,-47.9115,monvsource-source,348.43017221700006,331.192010625,356.708060126
30,0.0,39808.0,-0.146547,39815.4,-120.14,39815.4,119.84700000000001,9.24095,-172.71400000000003,8.71544,70.6716,9.444239999999999,-48.3075,monvsource-source,367.8637376,347.00872977599994,376.026193296
31,0.0,39806.8,-0.152504,39813.2,-120.148,39812.5,119.84200000000001,9.617189999999999,-172.733,9.2343,70.1636,9.84075,-49.3824,monvsource-source,382.829558892,367.64703275999995,391.784859375
32,0.0,39797.8,-0.168515,39810.0,-120.163,39807.2,119.819,10.7746,-175.303,10.1627,69.7674,11.2723,-50.1448,monvsource-source,428.80537588,404.57708699999995,448.71870055999995
33,0.0,39802.2,-0.15276800000000001,39814.5,-120.141,39815.2,119.838,9.749039999999999,-174.956,8.7938,70.2657,10.0256,-47.7415,monvsource-source,388.03323988799997,350.12075009999995,399.17126912000003
34,0.0,39813.7,-0.11521600000000001,39826.1,-120.10799999999999,39824.1,119.87299999999999,7.278569999999999,-173.046,6.636089999999999,74.8851,7.79223,-45.1591,monvsource-source,289.78680240899996,264.289583949,310.31854674299996
35,0.0,39818.9,-0.0855033,39837.5,-120.084,39829.4,119.89200000000001,5.42285,-173.77,5.0646,83.6189,6.56239,-42.6337,monvsource-source,215.93192186500002,201.76100250000002,261.376056266
36,0.0,39821.8,-0.07730269999999999,39839.5,-120.072,39833.6,119.90299999999999,4.87518,-172.67,4.38845,85.9145,5.87852,-39.7038,monvsource-source,194.13844292400003,174.833653775,234.16261427199998
37,0.0,39815.5,-0.0914751,39835.5,-120.075,39835.6,119.89200000000001,5.859380000000001,-175.53400000000002,4.53074,81.5085,6.553960000000001,-37.8866,monvsource-source,233.29414439000004,180.48429327,261.08092897600005
38,0.0,39854.5,0.020562,39867.3,-119.97,39866.5,120.009,1.95766,-27.0732,3.19096,-151.953,2.6211,65.8335,monvsource-source,78.02156047,127.214959608,104.49408315000001
39,0.0,39870.9,0.073241,39882.6,-119.91799999999999,39881.8,120.06299999999999,5.33017,-10.148,6.33861,-135.315,5.447019999999999,97.8095,monvsource-source,212.518675053,252.800247186,217.23696223599998
40,0.0,39841.4,-0.0226083,39854.5,-120.01299999999999,39853.9,119.96600000000001,1.41897,-141.747,1.6941,146.292,2.52434,-1.39895,monvsource-source,56.533751358,67.51750845,100.604793926
41,0.0,39819.5,-0.09296510000000001,39833.0,-120.084,39831.9,119.895,5.84235,-171.96200000000002,5.0795,79.1751,6.38324,-40.8151,monvsource-source,232.63945582499997,202.3317235,254.256577356
42,0.0,39822.3,-0.06930019999999999,39842.7,-120.061,39837.6,119.91,4.39711,-173.835,3.71576,90.7269,5.48131,-36.2773,monvsource-source,175.103033553,148.04591095199999,218.362235256
43,0.0,39822.2,-0.0775073,39839.7,-120.079,39830.1,119.9,4.877280000000001,-172.22,4.7939300000000005,85.9236,6.09605,-42.54,monvsource-source,194.224019616,190.988733021,242.806281105
44,0.0,39817.1,-0.0977707,39832.5,-120.09299999999999,39827.7,119.885,6.181019999999999,-173.171,5.64939,79.1744,6.9957199999999995,-43.4812,monvsource-source,246.11029144199995,225.02932717500002,278.623437444
45,0.0,39812.9,-0.11641800000000001,39826.1,-120.111,39822.8,119.87,7.3684199999999995,-173.41299999999998,6.795,75.0853,7.985130000000001,-45.7607,monvsource-source,293.358168618,270.6183495,317.9902349640001
46,0.0,39804.6,-0.149611,39814.9,-120.14299999999999,39813.9,119.84100000000001,9.50421,-174.137,8.86744,70.61,9.85148,-48.6339,monvsource-source,378.311277366,353.05623685600006,392.22583957200004
47,0.0,39796.9,-0.182996,39802.6,-120.17,39807.8,119.81700000000001,11.6338,-174.30900000000003,10.7184,66.9334,11.4125,-49.7293,monvsource-source,462.98917522000005,426.62018784,454.30651750000004
48,0.0,39793.2,-0.188845,39802.6,-120.18,39803.2,119.804,12.07,-175.261,11.3274,67.8112,12.254000000000001,-50.7641,monvsource-source,480.303924,450.85997124000005,487.7484128
49,0.0,39807.2,-0.145786,39816.2,-120.139,39816.1,119.84700000000001,9.21552,-173.19799999999998,8.59624,71.0053,9.48013,-47.9244,monvsource-source,366.84404774399997,342.2696110879999,377.461804093
50,0.0,39811.1,-0.13631400000000002,39818.8,-120.131,39818.4,119.85700000000001,8.569980000000001,-172.08900000000003,8.08216,71.8664,8.82853,-47.425,monvsource-source,341.180330778,321.82191260800005,351.53793895200005
51,0.0,39811.1,-0.136214,39818.9,-120.13,39818.7,119.85700000000001,8.56598,-172.145,8.0395,71.8355,8.8085,-47.248999999999995,monvsource-source,341.02108637799995,320.12404655,350.74301895
52,0.0,39807.9,-0.144539,39816.4,-120.137,39816.7,119.84899999999999,9.1273,-172.995,8.49365,70.937,9.34435,-47.7313,monvsource-source,363.33864567,338.18656586000003,372.06118064500004
53,0.0,39806.4,-0.148137,39815.3,-120.14,39816.0,119.845,9.37244,-173.372,8.6713,70.5562,9.57062,-47.8445,monvsource-source,373.083095616,345.25041089000007,381.06380592
54,0.0,39800.9,-0.164527,39810.1,-120.15700000000001,39810.3,119.82799999999999,10.4637,-174.359,9.77898,69.2933,10.6907,-49.4136,monvsource-source,416.46467733,389.302171698,425.59997421
55,0.0,39811.3,-0.130468,39819.8,-120.125,39818.7,119.861,8.22477,-172.642,7.74828,72.0289,8.55307,-47.6085,monvsource-source,327.438785901,308.53495994400004,340.572128409
56,0.0,39831.8,-0.0550617,39843.7,-120.051,39840.0,119.932,3.3711,-164.614,3.17069,93.7041,4.13388,-33.3004,monvsource-source,134.27698098000002,126.332021153,164.69377920000002
57,0.0,39836.6,-0.0434252,39846.2,-120.038,39844.6,119.947,2.63383,-157.696,2.44369,102.191,3.2632,-25.191999999999997,monvsource-source,104.922832178,97.371760478,130.02089872
58,0.0,39834.3,-0.0423009,39847.5,-120.03,39848.1,119.947,2.57724,-162.22799999999998,2.04825,109.34100000000001,3.33566,-20.0942,monvsource-source,102.66255133200002,81.617641875,132.919713246
59,0.0,39839.4,-0.018432,39856.3,-120.015,39849.9,119.962,1.13421,-146.91,1.89421,144.85399999999998,2.54317,-10.6777,monvsource-source,45.186245874,75.49620202300001,101.345070183
60,0.0,39845.7,-0.00530009,39858.4,-119.99799999999999,39856.7,119.98299999999999,0.811225,-90.0056,1.85943,177.75799999999998,1.9994599999999998,21.6746,monvsource-source,32.32382798249999,74.11390471200001,79.69187738199999
61,0.0,39837.7,-0.020786900000000004,39856.1,-120.015,39850.2,119.959,1.26138,-154.64,1.89798,143.957,2.73592,-12.1643,monvsource-source,50.250478025999996,75.646080678,109.02695918399999
62,0.0,39842.9,-0.0111555,39856.6,-119.999,39856.9,119.978,0.841825,-120.147,1.69459,174.9,2.1882,15.2975,monvsource-source,33.5407492925,67.540595794,87.21486858000002
63,0.0,39838.9,-0.0265438,39851.8,-120.012,39854.0,119.965,1.61683,-151.30100000000002,1.47597,143.295,2.6036799999999998,-2.3280000000000003,monvsource-source,64.412728687,58.820061246,103.76706271999998
64,0.0,39835.6,-0.03403,39850.6,-120.01899999999999,39852.4,119.955,2.06829,-160.518,1.62709,129.342,3.0350900000000003,-10.7967,monvsource-source,82.391573124,64.840512754,120.95562071600001
65,0.0,39835.9,-0.041025400000000004,39847.6,-120.03,39848.2,119.95,2.49016,-159.138,2.05803,109.67399999999999,3.19748,-19.1912,monvsource-source,99.197764744,82.007556228,127.413822536
66,0.0,39836.1,-0.0249692,39855.0,-120.016,39851.0,119.956,1.51694,-160.126,1.8248099999999998,141.562,2.92219,-12.2244,monvsource-source,60.428973533999994,72.72780254999999,116.45219369
67,0.0,39835.9,-0.0269064,39854.4,-120.021,39848.5,119.95299999999999,1.6351799999999999,-160.43200000000002,1.98532,132.599,3.02579,-17.5766,monvsource-source,65.138866962,79.123737408,120.573192815
68,0.0,39836.4,-0.037025699999999995,39849.3,-120.03,39846.8,119.95,2.24644,-158.483,2.1276200000000003,113.24799999999999,3.14039,-21.1074,monvsource-source,89.490082416,84.78416766600002,125.13449225200002
69,0.0,39830.5,-0.051750300000000006,39845.7,-120.04299999999999,39843.4,119.934,3.19125,-167.16299999999998,2.71026,99.2754,4.05649,-28.987,monvsource-source,127.109083125,107.99220688199999,161.62435366600002
70,0.0,39825.5,-0.07481499999999999,39838.1,-120.069,39835.6,119.913,4.64875,-169.322,4.1589,84.4189,5.29915,-38.2105,monvsource-source,185.138793125,165.68267408999998,211.09481974000002
71,0.0,39813.6,-0.11073399999999999,39828.4,-120.10700000000001,39823.1,119.87299999999999,7.01985,-173.71099999999998,6.54683,76.5452,7.815930000000001,-45.7458,monvsource-source,279.48549995999997,260.74976397200004,311.25456198300003
72,0.0,39800.6,-0.154823,39814.7,-120.15100000000001,39810.2,119.83,9.910689999999999,-175.488,9.33739,71.1702,10.5867,-49.5658,monvsource-source,394.45140841399996,371.76538163299995,421.45864434
73,0.0,39796.9,-0.173745,39807.4,-120.166,39806.9,119.81700000000001,11.1017,-175.196,10.3831,68.7924,11.3996,-50.137,monvsource-source,441.81324472999995,413.32421494000005,453.78273723999996
74,0.0,39795.9,-0.177274,39806.4,-120.17,39805.4,119.81299999999999,11.3324,-175.278,10.6609,68.6688,11.66,-50.5044,monvsource-source,450.98305716000004,424.37204976000004,464.13096400000006
75,0.0,39795.1,-0.176696,39806.9,-120.167,39807.1,119.814,11.3214,-175.667,10.4341,68.5874,11.594000000000001,-49.8239,monvsource-source,450.53624514,415.34917529000006,461.5235174
76,0.0,39796.0,-0.174119,39807.5,-120.163,39808.4,119.81700000000001,11.147,-175.525,10.2217,68.5796,11.3673,-49.5164,monvsource-source,443.60601199999996,406.90032275,452.51402532000003
77,0.0,39798.9,-0.160338,39812.4,-120.149,39812.6,119.829,10.2748,-175.675,9.28006,69.8217,10.6113,-48.4047,monvsource-source,408.92573772000003,369.461460744,422.46344237999995
78,0.0,39806.1,-0.135523,39819.9,-120.12100000000001,39822.0,119.855,8.65018,-174.97099999999998,7.468660000000001,71.6639,8.908619999999999,-45.2906,monvsource-source,344.32993009800003,297.40129433400006,354.75906563999996
79,0.0,39823.7,-0.0740305,39838.7,-120.061,39839.2,119.914,4.64083,-171.40900000000002,3.6797800000000005,85.3925,5.222980000000001,-34.7169,monvsource-source,184.81502167099998,146.59765148600002,208.079344816
80,0.0,39845.3,0.0186015,39868.7,-119.96700000000001,39865.6,119.99700000000001,1.33075,-8.67988,3.3999,-150.673,2.49004,48.54,monvsource-source,53.02413297500001,135.54959313,99.266938624
81,0.0,39848.5,0.011831399999999999,39863.8,-119.976,39863.5,119.999,1.21855,-30.5748,2.74175,-154.545,2.2953200000000002,51.5766,monvsource-source,48.557389674999996,109.29657365000001,91.49948882000001
82,0.0,39845.8,0.0021745000000000002,39860.8,-119.984,39861.7,119.99,0.766188,-56.7463,2.27979,-161.44899999999998,2.2131,38.1155,monvsource-source,30.5293738104,90.87425323200002,88.21792826999999
83,0.0,39846.9,0.00872626,39863.2,-119.98100000000001,39861.5,119.994,1.00041,-34.7142,2.55991,-159.197,2.1573599999999997,43.2759,monvsource-source,39.863237229000006,102.04620431199999,85.99560564
84,0.0,39850.4,0.0114661,39863.3,-119.98700000000001,39857.5,119.99600000000001,1.34665,-35.5598,2.40556,-168.12400000000002,1.79381,45.4433,monvsource-source,53.66454116,95.893559948,71.496782075
85,0.0,39844.6,-0.0102773,39856.5,-120.00299999999999,39854.7,119.978,0.899383,-110.535,1.69605,166.495,2.0146599999999997,12.7947,monvsource-source,35.8355558818,67.59861682500001,80.29366990199998
86,0.0,39848.5,-0.00183439,39858.5,-120.001,39853.8,119.986,0.995677,-73.0756,1.8629,170.745,1.68081,22.8593,monvsource-source,39.6762349345,74.25239965,66.986665578
87,0.0,39845.7,-0.00547235,39858.2,-120.00200000000001,39854.2,119.98100000000001,0.815285,-90.684,1.8362599999999998,169.99,1.8845,15.2614,monvsource-source,32.4856015245,73.190018332,75.1052399
88,0.0,39849.6,0.00849005,39862.8,-119.991,39856.3,119.992,1.20379,-41.3288,2.29719,-173.597,1.73385,37.3185,monvsource-source,47.970549983999994,91.57242553200001,69.104845755
89,0.0,39847.2,-0.000157217,39860.5,-119.99700000000001,39855.9,119.985,0.8712280000000001,-67.2861,2.0432099999999997,178.99900000000002,1.8713400000000002,24.2291,monvsource-source,34.715996361600006,81.44337220499999,74.58393990600001
90,0.0,39845.8,0.00987199,39865.7,-119.984,39859.4,119.988,0.9593950000000001,-28.0399,2.66891,-165.332,2.06892,32.9999,monvsource-source,38.22786129100001,106.39796538699999,82.465909848
91,0.0,39843.1,-0.00986062,39858.9,-120.01100000000001,39850.1,119.97,0.789918,-115.87,2.01605,153.297,2.15455,-5.19814,monvsource-source,31.4727818658,80.357535345,85.859032955
92,0.0,39833.9,-0.040535800000000004,39849.3,-120.03299999999999,39846.4,119.944,2.4745,-163.276,2.24232,111.542,3.47609,-23.2766,monvsource-source,98.56898555,89.35488237599999,138.509672576
93,0.0,39828.6,-0.0572434,39844.5,-120.04799999999999,39841.9,119.927,3.54984,-168.782,3.00628,95.5628,4.41994,-31.3803,monvsource-source,141.385157424,119.78372345999999,176.09880748600003
94,0.0,39821.7,-0.0849419,39835.9,-120.081,39831.2,119.899,5.3236099999999995,-171.368,4.90965,82.0178,6.12365,-41.568000000000005,monvsource-source,211.99520033699997,195.580326435,243.91232787999996
95,0.0,39808.9,-0.127442,39823.3,-120.125,39817.8,119.85600000000001,8.10929,-174.415,7.64726,74.1487,8.88335,-47.6703,monvsource-source,322.821914681,304.53912915800004,353.71545363
96,0.0,39796.7,-0.170796,39809.0,-120.163,39807.5,119.818,10.937000000000001,-175.56400000000002,10.1844,69.288,11.3433,-49.9271,monvsource-source,435.25650790000003,405.4307796,451.54841475
97,0.0,39796.0,-0.184161,39803.1,-120.179,39802.8,119.81,11.7263,-174.593,11.2302,67.8956,11.9149,-51.309,monvsource-source,466.6598348,446.99677362,474.24638172
98,0.0,39792.9,-0.18729200000000001,39803.1,-120.179,39803.0,119.804,11.99,-175.53400000000002,11.2499,67.9297,12.2391,-50.8538,monvsource-source,477.11687100000006,447.78089468999997,487.1528973
99,0.0,39795.0,-0.18454500000000001,39803.4,-120.177,39803.7,119.809,11.7739,-174.94299999999998,11.1324,67.8887,11.9523,-50.9015,monvsource-source,468.5423505,443.1073701600001,475.74576350999996
100,0.0,39795.4,-0.174453,39808.0,-120.167,39806.4,119.814,11.1832,-175.747,10.4156,69.1103,11.6005,-50.117,monvsource-source,445.03991728,414.62420480000003,461.7741432
101,0.0,39796.4,-0.167049,39810.7,-120.15700000000001,39809.7,119.82,10.7312,-176.09,9.78549,69.6247,11.1596,-49.1504,monvsource-source,427.06312768,389.567206743,444.26032811999994
102,0.0,39807.0,-0.13793,39818.7,-120.12899999999999,39818.1,119.852,8.76529,-174.19,7.9957199999999995,71.6629,9.13353,-47.2081,monvsource-source,348.91989903,318.37917596399996,363.67981089299997
103,0.0,39824.9,-0.0653765,39842.2,-120.054,39840.2,119.919,4.10668,-171.838,3.32415,90.9024,4.9462,-33.6493,monvsource-source,163.548120332,132.44144913,197.05759724
104,0.0,39847.7,0.00926946,39863.4,-119.98100000000001,39861.3,119.995,1.0771899999999999,-35.1935,2.55633,-159.97299999999998,2.13393,44.5216,monvsource-source,42.923543962999986,101.904005322,85.061223909
105,0.0,39852.9,0.021750799999999997,39865.9,-119.971,39863.8,120.009,1.90523,-22.823,3.06396,-151.501,2.3919799999999998,66.94800000000001,monvsource-source,75.928940667,122.147522964,95.353412324
106,0.0,39851.2,0.015621799999999998,39864.5,-119.979,39861.3,120.00200000000001,1.54859,-28.9269,2.71598,-158.109,2.1119,56.5285,monvsource-source,61.71316980799999,108.27118471,84.18307947
107,0.0,39904.6,0.21359099999999998,39924.4,-119.777,39920.0,120.194,14.2346,-0.946894,15.5119,-125.90100000000001,13.7925,111.865,monvsource-source,568.02601916,619.30330036,550.5966
108,0.0,39912.3,0.246194,39931.2,-119.74799999999999,39925.0,120.225,16.3183,-0.218705,17.3376,-124.773,15.6826,114.206,monvsource-source,651.3008850900001,692.3111731199999,626.1278050000001
109,0.0,39924.8,0.282056,39940.2,-119.714,39935.2,120.265,18.7523,-0.5742619999999999,19.5802,-123.844,18.2259,115.5,monvsource-source,748.6818270400001,782.03710404,727.85496168
110,0.0,39911.6,0.239679,39929.2,-119.74799999999999,39927.6,120.22399999999999,15.9326,-0.598075,17.254,-124.24799999999999,15.7128,113.325,monvsource-source,635.8955581600001,688.9384168,627.3743932799999
111,0.0,39883.5,0.13597599999999999,39900.6,-119.85600000000001,39897.0,120.119,9.187330000000001,-2.68676,10.3512,-128.92,8.89562,107.495,monvsource-source,366.4228760550001,413.01909071999995,354.90855114
112,0.0,39861.8,0.0614001,39879.1,-119.929,39876.0,120.044,4.29835,-6.570819999999999,5.6338099999999995,-137.151,4.32552,91.8511,monvsource-source,171.33996803000002,224.67127237099996,172.48443552
113,0.0,39859.3,0.057193100000000004,39878.5,-119.931,39876.3,120.039,3.9693400000000003,-5.69982,5.54298,-137.15,4.16544,88.4308,monvsource-source,158.21511386200004,221.04572793,166.10233507200002
114,0.0,39865.5,0.0885975,39888.8,-119.902,39882.9,120.064,5.91719,-1.3398299999999999,7.465160000000001,-133.743,5.582669999999999,97.7616,monvsource-source,235.891737945,297.776274208,222.65306934299997
115,0.0,39862.2,0.0822762,39887.4,-119.902,39884.5,120.059,5.44614,-0.20723699999999998,7.40384,-132.856,5.4625900000000005,94.3074,monvsource-source,217.09512190799998,295.319927616,217.87267085500002
116,0.0,39859.5,0.071474,39884.5,-119.915,39880.0,120.04700000000001,4.75283,-0.8096979999999999,6.5913,-135.35,4.69982,90.7712,monvsource-source,189.44542738500002,262.89070485,187.4288216
117,0.0,39853.2,0.049211000000000005,39878.1,-119.936,39874.3,120.025,3.2972699999999997,-1.7751400000000002,5.25129,-139.409,3.5863400000000003,78.8752,monvsource-source,131.40676076399998,209.411467749,143.002797062
118,0.0,39846.7,0.0204195,39869.3,-119.971,39863.5,119.99700000000001,1.49358,-10.634,3.3269,-154.173,2.3035400000000004,48.4902,monvsource-source,59.514234185999996,132.64117417,91.82716679000002
119,0.0,39831.8,-0.028342400000000004,39855.9,-120.01899999999999,39849.6,119.946,1.7804099999999998,-171.80700000000002,1.99511,138.389,3.42571,-18.2212,monvsource-source,70.91693503799999,79.516904649,136.51317321599998
120,0.0,39810.8,-0.111269,39829.5,-120.105,39824.2,119.869,7.12555,-175.514,6.38164,77.307,8.0397,-44.8328,monvsource-source,283.67384594000004,254.17753038,320.17462073999997
121,0.0,39804.5,-0.13833900000000002,39820.2,-120.131,39816.6,119.846,8.85567,-175.475,8.102910000000001,72.7723,9.53383,-47.6037,monvsource-source,352.495516515,322.6594967820001,379.60469557799996
122,0.0,39803.0,-0.144874,39817.8,-120.13600000000001,39815.5,119.84100000000001,9.27254,-175.454,8.438369999999999,71.722,9.82265,-47.8095,monvsource-source,369.07490961999997,335.99732898599996,391.09372107499996
123,0.0,39801.3,-0.147299,39817.7,-120.139,39814.5,119.836,9.46168,-176.05599999999998,8.589360000000001,71.8497,10.1077,-47.9981,monvsource-source,376.587164184,342.008559672,402.43302164999994
124,0.0,39803.0,-0.145797,39817.5,-120.139,39814.6,119.84,9.3279,-175.388,8.57589,71.7132,9.91473,-48.2131,monvsource-source,371.27840369999996,341.47050007499996,394.751009058
125,0.0,39805.4,-0.13547599999999999,39821.0,-120.12799999999999,39817.7,119.84899999999999,8.6677,-175.38099999999997,7.886369999999999,72.9687,9.32115,-47.2293,monvsource-source,345.02126558000003,314.0431397699999,371.1467543549999
126,0.0,39812.4,-0.10998800000000002,39829.4,-120.10600000000001,39823.5,119.87100000000001,7.00997,-174.68599999999998,6.44555,77.2552,7.9166,-45.4077,monvsource-source,279.083729628,256.72238917,315.2667201
127,0.0,39826.8,-0.05609019999999999,39845.3,-120.044,39843.2,119.927,3.5184800000000003,-171.532,2.77181,98.0654,4.463830000000001,-29.9168,monvsource-source,140.12979926400004,110.443600993,177.85327145600002
128,0.0,39847.9,0.012076700000000001,39864.0,-119.973,39864.7,119.999,1.18581,-28.5054,2.84441,-152.028,2.40236,52.2712,monvsource-source,47.252038299,113.38956024,95.76936069199999
129,0.0,39847.3,0.00273985,39860.5,-119.988,39859.5,119.991,0.9025700000000001,-56.0482,2.16193,-167.15,2.02077,37.476,monvsource-source,35.964977561000005,86.17561076499999,80.546881815
130,0.0,39851.8,0.0200847,39865.9,-119.97200000000001,39863.9,120.007,1.7646400000000002,-22.9913,3.0409,-152.092,2.36483,63.2946,monvsource-source,70.32408035200002,121.22821531000001,94.27134663700001
131,0.0,39911.8,0.21906599999999998,39921.9,-119.774,39920.9,120.21,14.8055,-2.6359,15.5742,-124.867,14.6901,113.62200000000001,monvsource-source,590.9141549000001,621.75165498,586.44201309
132,0.0,39943.5,0.331746,39952.7,-119.65700000000001,39955.1,120.32600000000001,22.1773,-1.2141600000000001,23.1621,-122.275,22.3218,116.054,monvsource-source,885.83898255,925.3884326699999,891.8697511799999
133,0.0,39945.8,0.353073,39959.9,-119.631,39962.6,120.344,23.4408,-0.323309,24.8534,-121.98299999999999,23.5712,115.84700000000001,monvsource-source,936.36150864,993.13937866,941.96643712
134,0.0,39934.5,0.304576,39946.2,-119.684,39947.1,120.296,20.3488,-1.1667399999999999,21.398000000000003,-122.896,20.346,115.387,monvsource-source,812.6191536000001,854.7687876,812.7636966
135,0.0,39900.0,0.179743,39911.5,-119.805,39914.7,120.17299999999999,12.208,-3.2429900000000003,13.4721,-125.31700000000001,12.4845,110.637,monvsource-source,487.0992,537.69171915,498.31507215
136,0.0,39853.5,0.015519,39864.3,-119.976,39864.1,120.006,1.70492,-33.1391,2.7817,-154.847,2.37893,62.7209,monvsource-source,67.94702921999999,110.89052331,94.83390341299999
137,0.0,39834.0,-0.0497802,39844.2,-120.036,39847.3,119.944,3.0310799999999998,-161.863,2.2763299999999997,98.971,3.48869,-21.9657,monvsource-source,120.74004072,90.69854778599998,139.014877037
138,0.0,39833.9,-0.0473106,39846.0,-120.04,39844.4,119.941,2.88283,-162.31,2.5364,100.932,3.6087599999999997,-26.5739,monvsource-source,114.834361937,101.0653944,143.78887694399998
139,0.0,39830.8,-0.0628657,39841.1,-120.06200000000001,39836.5,119.925,3.85209,-164.957,3.76899,88.4894,4.55753,-37.3966,monvsource-source,153.43182637200002,150.160707489,181.556043845
140,0.0,39825.3,-0.0720682,39839.4,-120.06299999999999,39838.1,119.915,4.4911,-170.043,3.7959300000000002,86.1872,5.14426,-35.8244,monvsource-source,178.85940483000002,151.227573642,204.937544306
141,0.0,39824.3,-0.0838029,39834.5,-120.07700000000001,39833.7,119.90700000000001,5.20376,-169.158,4.65118,80.4572,5.64371,-39.7395,monvsource-source,207.23609936800003,185.27742971,224.80985102699998
142,0.0,39819.8,-0.10403699999999999,39827.9,-120.1,39826.0,119.88799999999999,6.488090000000001,-170.252,6.14112,75.7386,6.8836699999999995,-44.8339,monvsource-source,258.35444618200006,244.587913248,274.14904141999995
143,0.0,39814.9,-0.122092,39822.4,-120.12,39819.7,119.869,7.65291,-171.43400000000003,7.40791,73.2707,8.06203,-47.6104,monvsource-source,304.699846359,295.000755184,321.02761599099995
144,0.0,39799.6,-0.167326,39809.4,-120.165,39806.2,119.822,10.6595,-174.66299999999998,10.2652,69.6334,11.1392,-50.7974,monvsource-source,424.2438362,408.65145288,443.40922304000003
145,0.0,39791.9,-0.19070499999999999,39802.2,-120.184,39800.9,119.8,12.2129,-175.59799999999998,11.5834,67.9633,12.5441,-51.3721,monvsource-source,485.97449551,461.0448034799999,499.26646969000006
146,0.0,39796.9,-0.18123499999999998,39804.2,-120.176,39803.9,119.81200000000001,11.5335,-174.489,11.0332,68.1552,11.739,-51.0807,monvsource-source,458.99754615,439.16769944,467.25798210000005
147,0.0,39802.8,-0.158316,39812.3,-120.15299999999999,39810.9,119.833,10.0541,-174.08900000000003,9.508939999999999,70.1021,10.4048,-49.4493,monvsource-source,400.18133148000004,378.572771962,414.22445231999995
148,0.0,39799.5,-0.168265,39808.7,-120.156,39811.3,119.82600000000001,10.7165,-174.61599999999999,9.79601,68.5888,10.7776,-48.8424,monvsource-source,426.51134175000004,389.966423287,429.07026688
149,0.0,39799.1,-0.168983,39808.7,-120.15899999999999,39809.8,119.824,10.7685,-174.72099999999998,9.95819,68.8352,10.937000000000001,-49.3318,monvsource-source,428.57660834999996,396.422598253,435.3997826000001
150,0.0,39797.2,-0.174794,39806.7,-120.164,39808.5,119.819,11.1525,-174.94400000000002,10.287,68.2973,11.2647,-49.571999999999996,monvsource-source,443.83827299999996,409.4915229,448.43080994999997
151,0.0,39800.4,-0.161528,39811.7,-120.15700000000001,39809.0,119.82700000000001,10.3026,-174.87099999999998,9.75281,70.0848,10.7792,-49.927,monvsource-source,410.04760104,388.27594587699997,429.1091728
152,0.0,39809.8,-0.12208800000000002,39824.6,-120.109,39824.9,119.866,7.77641,-174.59099999999998,6.71465,73.8648,8.19811,-44.2157,monvsource-source,309.5773268180001,267.40825039,326.48891093900005
153,0.0,39816.8,-0.0963596,39832.2,-120.07799999999999,39835.4,119.89399999999999,6.105980000000001,-173.615,4.76322,78.057,6.45599,-38.0717,monvsource-source,243.12058446400005,189.72953168399997,257.176944046
154,0.0,39827.2,-0.0561828,39845.6,-120.041,39845.3,119.928,3.51692,-171.071,2.6126099999999997,99.6803,4.408580000000001,-27.4109,monvsource-source,140.06907622399999,104.10101301599998,175.66119267400006
155,0.0,39874.3,0.0962577,39889.7,-119.88799999999999,39891.4,120.085,6.67853,-5.6302,8.1868,-130.634,6.99277,100.838,monvsource-source,266.301708779,326.56899596,278.951385178
156,0.0,39901.4,0.171782,39909.7,-119.82600000000001,39906.8,120.162,11.8352,-4.820130000000001,12.3018,-127.515,11.5808,111.806,monvsource-source,472.24104928,490.96114745999995,462.15266944
157,0.0,39916.8,0.231066,39927.4,-119.76799999999999,39922.5,120.21799999999999,15.6529,-2.89312,16.1219,-125.75200000000001,15.2017,114.125,monvsource-source,624.8136787200001,643.7055500600001,606.8898682500001
158,0.0,39940.4,0.31712399999999996,39950.5,-119.67399999999999,39951.0,120.309,21.2568,-1.5576299999999998,22.149,-122.993,21.2448,115.626,monvsource-source,849.00509472,884.8636245,848.7510048000001
159,0.0,39911.3,0.207796,39919.4,-119.777,39924.4,120.205,14.1724,-3.6852199999999997,15.3086,-124.48899999999999,14.5946,112.03200000000001,monvsource-source,565.63890812,611.11012684,582.68064824
160,0.0,39852.1,0.00787213,39863.3,-119.98899999999999,39859.5,119.99600000000001,1.38805,-46.5347,2.37232,-170.40099999999998,1.9709400000000001,45.3863,monvsource-source,55.316707405,94.568503856,78.56068293000001
161,0.0,39821.9,-0.0962632,39830.9,-120.098,39825.4,119.89200000000001,5.98601,-169.53599999999997,5.9661599999999995,78.0102,6.64433,-45.6208,monvsource-source,238.37429161900002,237.637522344,264.613099982
162,0.0,39829.1,-0.062101699999999996,39842.3,-120.05799999999999,39838.2,119.92399999999999,3.8315,-167.328,3.5348300000000004,90.5453,4.635190000000001,-35.5376,monvsource-source,152.60519665,140.83575730900003,184.657626258
163,0.0,39829.0,-0.0577466,39844.1,-120.05,39841.4,119.928,3.57272,-168.142,3.0710900000000003,94.585,4.40655,-31.877,monvsource-source,142.29786488000002,122.36481706900001,175.56312117000002
164,0.0,39825.9,-0.0674808,39841.5,-120.06,39837.9,119.917,4.209,-170.253,3.68785,89.1571,5.06072,-36.0041,monvsource-source,167.6272131,146.929475775,201.608457288
165,0.0,39827.5,-0.0690347,39840.0,-120.065,39836.3,119.91799999999999,4.2702,-168.093,3.9335400000000003,86.9205,5.002,-37.5255,monvsource-source,170.0713905,156.71223360000002,199.2611726
166,0.0,39819.1,-0.09708969999999999,39831.1,-120.085,39832.4,119.89399999999999,6.09488,-171.734,5.180219999999999,77.4301,6.44372,-40.4406,monvsource-source,242.69263620799998,206.33386084199998,256.668832528
167,0.0,39810.1,-0.12858599999999998,39821.2,-120.116,39823.5,119.86399999999999,8.144639999999999,-173.56799999999998,7.143160000000001,72.0679,8.32815,-44.9496,monvsource-source,324.238932864,284.44920299200004,331.65608152500005
168,0.0,39804.2,-0.155201,39812.2,-120.146,39813.4,119.839,9.83737,-173.72799999999998,9.14466,69.4875,9.96596,-48.7266,monvsource-source,391.568642954,364.06903285199996,396.77875186400007
169,0.0,39797.5,-0.16880699999999998,39809.1,-120.156,39810.9,119.823,10.8003,-175.416,9.78512,68.7849,10.972999999999999,-48.8202,monvsource-source,429.82493925,389.53682059199997,436.8450057
170,0.0,39795.2,-0.177019,39806.6,-120.166,39807.4,119.814,11.3366,-175.58700000000002,10.4188,68.4345,11.5583,-49.7154,monvsource-source,451.14226432000004,414.7370040799999,460.10587141999997
171,0.0,39795.7,-0.177473,39806.3,-120.169,39805.9,119.81299999999999,11.347999999999999,-175.322,10.609000000000002,68.5456,11.6308,-50.2972,monvsource-source,451.6016035999999,422.30503670000013,462.97446172
172,0.0,39795.6,-0.174309,39807.6,-120.163,39808.4,119.816,11.1688,-175.671,10.2182,68.6309,11.4095,-49.4746,monvsource-source,444.4690972799999,406.76201832,454.1939398
173,0.0,39796.8,-0.175491,39806.5,-120.166,39807.1,119.81700000000001,11.2036,-175.048,10.4392,68.3941,11.398,-50.0564,monvsource-source,445.86742848,415.54801480000003,453.7213258
174,0.0,39799.1,-0.164268,39810.5,-120.15299999999999,39811.4,119.82700000000001,10.4961,-175.18599999999998,9.57709,69.2048,10.7234,-48.8315,monvsource-source,417.73533351,381.268741445,426.91356676000004
175,0.0,39804.3,-0.14223,39818.2,-120.133,39817.1,119.845,9.08584,-175.123,8.20578,71.6651,9.54547,-47.31399999999999,monvsource-source,361.65550111199997,326.739389196,380.072933537
176,0.0,39812.8,-0.121565,39823.7,-120.118,39820.2,119.867,7.67013,-172.80599999999998,7.265,73.9542,8.224110000000001,-47.0683,monvsource-source,305.369351664,289.31918049999996,327.485705022
177,0.0,39816.2,-0.101726,39831.1,-120.098,39826.1,119.882,6.43311,-173.236,5.9467,78.1929,7.237480000000001,-44.3937,monvsource-source,256.14199438199995,236.86360236999997,288.240602228
178,0.0,39821.0,-0.0811843,39838.2,-120.079,39831.2,119.899,5.12127,-172.725,4.763809999999999,84.4327,6.17058,-41.5505,monvsource-source,203.93409267,189.78161554199997,245.781606096
179,0.0,39829.9,-0.066778,39840.1,-120.069,39833.4,119.919,4.09857,-165.59,4.22044,86.792,4.9131599999999995,-40.546,monvsource-source,163.245633243,168.14275164400001,195.70786754399998
180,0.0,39830.4,-0.06491519999999999,39841.0,-120.071,39832.3,119.919,3.98043,-165.23,4.288869999999999,87.7365,4.92304,-41.6339,monvsource-source,158.542119072,170.87286966999997,196.09600619200003
181,0.0,39828.0,-0.053440699999999994,39847.1,-120.05,39839.7,119.925,3.3380400000000003,-170.576,3.14303,99.2537,4.578069999999999,-33.9325,monvsource-source,132.94745712,125.24063071299999,182.38893537899997
182,0.0,39822.1,-0.08188279999999999,39836.8,-120.073,39834.6,119.904,5.13491,-171.49400000000003,4.44561,82.9031,5.81815,-38.8804,monvsource-source,204.48289951099997,177.09887644800003,231.76367799
183,0.0,39818.9,-0.09781419999999999,39830.6,-120.083,39833.5,119.895,6.14001,-171.722,5.08824,76.8254,6.382630000000001,-39.6221,monvsource-source,244.48844418900003,202.667652144,254.24249210500005
184,0.0,39820.0,-0.0947957,39831.3,-120.08,39834.5,119.899,5.9388,-171.29,4.881390000000001,77.2662,6.15634,-38.8524,monvsource-source,236.48301599999996,194.43210950700004,245.23472573
185,0.0,39827.7,-0.07737519999999999,39835.7,-120.071,39835.5,119.916,4.76337,-166.649,4.31758,81.6137,5.1086,-38.3754,monvsource-source,189.71407134899997,171.993821606,203.50363529999998
186,0.0,39835.8,-0.044624699999999996,39846.9,-120.044,39841.5,119.94200000000001,2.7086200000000002,-159.136,2.82763,100.824,3.5583,-30.6248,monvsource-source,107.90004459600001,112.672289847,141.76800945000002
187,0.0,39832.7,-0.048071300000000004,39846.5,-120.041,39843.7,119.93799999999999,2.94043,-164.22,2.63897,101.33200000000001,3.7956199999999995,-28.1019,monvsource-source,117.125266061,105.15371810500001,151.23154459399998
188,0.0,39832.6,-0.05417230000000001,39843.9,-120.04899999999999,39841.5,119.935,3.3088800000000003,-163.577,3.0099299999999998,94.5098,3.9870400000000004,-31.195,monvsource-source,131.801293488,119.927349927,158.84965416
189,0.0,39826.1,-0.074626,39837.9,-120.066,39837.2,119.915,4.6275699999999995,-168.787,3.9999599999999997,84.1671,5.15385,-36.6908,monvsource-source,184.29806557699996,159.35000648399998,205.31495322
190,0.0,39813.4,-0.116079,39825.7,-120.10799999999999,39824.6,119.87299999999999,7.335489999999999,-173.111,6.605060000000001,74.5505,7.78495,-44.81,monvsource-source,292.05079756599997,263.051138042,310.03251977
191,0.0,39804.0,-0.152543,39814.0,-120.149,39811.2,119.837,9.68903,-174.112,9.24395,70.6235,10.1428,-49.6202,monvsource-source,385.66215012,368.03862530000004,403.7970393599999
192,0.0,39792.8,-0.188617,39802.7,-120.182,39801.8,119.802,12.0694,-175.458,11.4236,67.9962,12.3665,-51.1849,monvsource-source,480.27522032,454.69012372,492.20895970000004
193,0.0,39796.6,-0.182749,39803.7,-120.177,39803.7,119.811,11.6291,-174.47799999999998,11.1082,68.0108,11.802,-51.0712,monvsource-source,462.7986410599999,442.14746034,469.76326739999996
194,0.0,39802.0,-0.16334500000000002,39810.0,-120.15299999999999,39812.0,119.83200000000001,10.3665,-173.96900000000002,9.59453,68.9435,10.4374,-48.8953,monvsource-source,412.607433,381.9582393,415.5337688
195,0.0,39802.4,-0.160555,39811.3,-120.15299999999999,39811.7,119.83200000000001,10.193999999999999,-174.049,9.51735,69.5286,10.3996,-49.0901,monvsource-source,405.74566559999994,378.89807605500005,414.0257553199999
196,0.0,39801.8,-0.164803,39809.3,-120.156,39811.1,119.831,10.4544,-173.888,9.736089999999999,68.7924,10.5193,-49.2042,monvsource-source,416.10393792,387.586927637,418.78490423
197,0.0,39799.5,-0.169767,39808.1,-120.161,39809.1,119.824,10.8031,-174.468,10.0737,68.6611,10.9458,-49.6487,monvsource-source,429.95797845,401.01485697000004,435.74244678
198,0.0,39802.4,-0.159718,39810.8,-120.149,39812.9,119.835,10.1442,-174.11,9.335230000000001,68.9904,10.2158,-48.6904,monvsource-source,403.76350608,371.6429744840001,406.72062381999996
199,0.0,39816.1,-0.10191,39830.3,-120.09200000000001,39829.4,119.885,6.44669,-173.294,5.58965,77.1584,6.97784,-42.3095,monvsource-source,256.682053709,222.637436395,277.923180496
200,0.0,39840.8,-0.014944299999999999,39855.8,-119.99700000000001,39858.8,119.975,0.9597620000000001,-137.454,1.62821,178.735,2.41404,14.7109,monvsource-source,38.2376858896,64.89361211800001,96.220737552
201,0.0,39841.8,-0.0190047,39853.2,-120.00299999999999,39857.1,119.975,1.2227299999999999,-137.164,1.41098,165.793,2.31582,12.09,monvsource-source,48.715764113999995,56.232068135999995,92.301869322
202,0.0,39839.4,-0.0209474,39853.7,-120.00399999999999,39857.0,119.97,1.28538,-147.899,1.4545700000000001,164.65,2.5093,6.820860000000001,monvsource-source,51.208767972000004,57.969996409,100.0131701
203,0.0,39845.3,-0.010448200000000001,39855.3,-119.999,39857.2,119.98299999999999,0.95385,-108.295,1.5852899999999999,175.453,2.03512,22.5351,monvsource-source,38.006439405,63.182208537,81.114184864
204,0.0,39847.0,-0.00666591,39855.7,-119.992,39860.4,119.99,0.951676,-91.8016,1.69605,-169.31,2.11671,36.7271,monvsource-source,37.921433572000005,67.597259985,84.37290728400001
205,0.0,39917.4,0.22911900000000002,39923.4,-119.76,39927.3,120.227,15.5695,-3.25188,16.4251,-123.803,15.8812,113.791,monvsource-source,621.4939593,655.7458373400001,634.09343676
206,0.0,39911.5,0.203047,39914.7,-119.78299999999999,39921.2,120.206,13.9258,-4.30158,14.7791,-123.772,14.485999999999999,113.04700000000001,monvsource-source,555.7995667,589.90334277,578.2985031999999
207,0.0,39841.9,-0.032981300000000005,39846.9,-120.01799999999999,39853.4,119.96799999999999,2.04147,-145.136,1.3819700000000001,121.06700000000001,2.38826,-0.402932,monvsource-source,81.336043593,55.067220393000014,95.180281084
208,0.0,39836.0,-0.0422499,39846.9,-120.031,39848.0,119.95,2.5641599999999998,-158.965,2.0843,107.385,3.1998,-19.5117,monvsource-source,102.14587775999999,83.05289366999999,127.50563040000002
209,0.0,39832.3,-0.0492485,39845.9,-120.038,39845.8,119.939,3.01612,-164.734,2.43698,101.575,3.7536,-25.1167,monvsource-source,120.138996676,97.10366138200001,149.56519488000004
210,0.0,39837.3,-0.0388412,39848.3,-120.035,39845.3,119.95,2.35549,-156.351,2.31786,108.147,3.14227,-23.5937,monvsource-source,93.83636177700001,92.36278063800002,125.204690831
211,0.0,39829.2,-0.050686300000000004,39847.3,-120.04299999999999,39842.9,119.931,3.15078,-169.403,2.7576099999999997,102.053,4.2395,-29.9633,monvsource-source,125.493046776,109.883312953,168.91397454999998
212,0.0,39824.3,-0.0690387,39841.1,-120.056,39840.4,119.916,4.3338,-171.69799999999998,3.4325,89.0523,5.07758,-33.5512,monvsource-source,172.59055134000002,136.75457575,202.29281823200003
213,0.0,39822.9,-0.07888830000000001,39838.0,-120.075,39832.7,119.904,4.94255,-171.28900000000002,4.56475,84.2592,5.83133,-40.5792,monvsource-source,196.826674395,181.8505105,232.277618491
214,0.0,39815.6,-0.10042100000000001,39832.3,-120.09700000000001,39825.8,119.88,6.37299,-173.903,5.914280000000001,79.2053,7.327389999999999,-44.4666,monvsource-source,253.74442064399997,235.57937524400006,291.819168662
215,0.0,39802.4,-0.152423,39815.1,-120.15,39810.1,119.833,9.72353,-174.892,9.311160000000001,71.3366,10.4045,-49.8751,monvsource-source,387.019830472,370.72476651600005,414.20418545
216,0.0,39792.0,-0.19308499999999998,39801.1,-120.18700000000001,39800.0,119.79899999999999,12.3468,-175.345,11.7876,67.7484,12.6361,-51.637,monvsource-source,491.3038656,469.15944635999995,502.91678
217,0.0,39800.1,-0.173154,39806.4,-120.167,39807.3,119.822,10.9822,-173.863,10.4455,68.3928,11.0866,-50.3605,monvsource-source,437.09265822,415.7977512,441.3276121800001
218,0.0,39807.7,-0.15223,39812.6,-120.146,39813.8,119.845,9.57967,-172.30200000000002,9.11689,69.6942,9.63715,-48.945,monvsource-source,381.344629459,362.96709481399995,383.69156267
219,0.0,39807.4,-0.151004,39813.4,-120.14399999999999,39814.5,119.845,9.51481,-172.565,8.98814,69.9257,9.608080000000001,-48.6335,monvsource-source,378.75984759400006,357.848413076,382.5409011600001
220,0.0,39806.6,-0.152678,39813.1,-120.148,39812.5,119.84100000000001,9.63245,-172.822,9.22828,70.1077,9.85084,-49.3516,monvsource-source,383.43508417,367.406434468,392.1865675
221,0.0,39803.0,-0.16005899999999998,39811.1,-120.152,39812.0,119.834,10.1486,-173.794,9.4791,69.3845,10.2973,-49.0298,monvsource-source,403.9447258,377.37339801,409.9561076
222,0.0,39800.2,-0.17285699999999998,39806.2,-120.165,39807.9,119.824,10.9632,-173.862,10.3585,68.1332,10.9929,-50.1615,monvsource-source,436.33755264,412.33252269999997,437.60426391000004
223,0.0,39813.6,-0.123275,39821.8,-120.115,39822.4,119.87100000000001,7.7507399999999995,-172.09,7.12285,72.4093,7.95448,-46.0128,monvsource-source,308.584862064,283.64470812999997,316.766484352
224,0.0,39829.8,-0.057085199999999996,39844.1,-120.055,39838.3,119.926,3.5212199999999996,-167.255,3.37851,93.6684,4.47884,-35.4042,monvsource-source,140.249488356,134.61369029099998,178.429371572
225,0.0,39835.8,-0.0460482,39845.0,-120.036,39846.4,119.947,2.7949900000000003,-159.122,2.29588,100.73700000000001,3.28988,-22.5115,monvsource-source,111.34066264200003,91.4793386,131.08987443200002
226,0.0,39835.8,-0.0357802,39849.7,-120.023,39850.3,119.95299999999999,2.17309,-159.838,1.7869700000000002,121.046,3.06302,-14.7908,monvsource-source,86.56677862200002,71.210218409,122.06226590600001
227,0.0,39891.3,0.147372,39902.2,-119.839,39904.8,120.141,10.1149,-4.43755,11.2824,-126.756,10.3721,108.744,monvsource-source,403.49651037,450.19258127999996,413.89657608000005
228,0.0,39843.3,-0.010108,39856.8,-119.995,39859.4,119.98100000000001,0.8110109999999999,-115.766,1.74656,-175.805,2.26341,22.2799,monvsource-source,32.3133545763,69.612292608,90.218164554
229,0.0,39840.3,-0.0181899,39855.0,-120.00200000000001,39857.3,119.97200000000001,1.13723,-142.60299999999998,1.5586200000000001,168.388,2.4592400000000003,8.81723,monvsource-source,45.307584369000004,62.11880010000001,98.01866645200002
230,0.0,39839.5,-0.0182903,39855.6,-120.006,39854.9,119.96799999999999,1.1281,-146.167,1.6518599999999999,160.192,2.49215,1.57141,monvsource-source,44.94293995000001,65.83587141599999,99.324389035
231,0.0,39838.6,-0.02635,39852.7,-120.016,39851.8,119.961,1.60251,-152.36,1.6765400000000001,137.477,2.68371,-8.349960000000001,monvsource-source,63.841754886000004,66.81464565799999,106.95067417800001
232,0.0,39835.6,-0.04724,39844.8,-120.035,39847.5,119.947,2.8679900000000003,-159.418,2.22903,100.661,3.31529,-20.8931,monvsource-source,114.248102444,88.815254544,132.106018275
233,0.0,39832.3,-0.0606488,39840.9,-120.052,39842.1,119.93299999999999,3.7021800000000002,-163.281,3.14209,89.2583,4.07409,-30.6478,monvsource-source,147.46634441400002,125.183693481,162.320301189
234,0.0,39837.2,-0.037231,39849.3,-120.03399999999999,39845.4,119.949,2.2578,-156.655,2.30385,110.74,3.15159,-23.5629,monvsource-source,89.94443016,91.80680980500001,125.576364186
235,0.0,39828.0,-0.047241000000000005,39849.7,-120.039,39844.0,119.93,2.97416,-172.28900000000002,2.5853,108.31200000000001,4.284669999999999,-28.6654,monvsource-source,118.45484448,103.02342940999999,170.71839147999995
236,0.0,39823.5,-0.0750097,39839.4,-120.06700000000001,39836.0,119.90899999999999,4.70136,-171.37,4.09467,86.0137,5.519,-37.7558,monvsource-source,187.22460996,163.129195998,219.854884
237,0.0,39823.4,-0.07747489999999999,39839.0,-120.079,39830.0,119.902,4.84893,-171.054,4.817,85.1983,5.96777,-42.6869,monvsource-source,193.10087896200002,191.90446300000002,237.6962791
238,0.0,39814.6,-0.113101,39827.0,-120.11200000000001,39821.6,119.87200000000001,7.134239999999999,-172.745,6.837280000000001,75.8349,7.8751,-46.6696,monvsource-source,284.04691190399996,272.30835056000006,313.59908215999997
239,0.0,39803.1,-0.15780999999999998,39811.9,-120.15299999999999,39810.4,119.834,10.0174,-174.00400000000002,9.532160000000001,69.8933,10.3529,-49.776,monvsource-source,398.72357394,379.493400704,412.15309016000003
240,0.0,39793.7,-0.188806,39802.3,-120.185,39800.2,119.802,12.0562,-175.09799999999998,11.6255,68.07,12.4087,-51.8196,monvsource-source,479.76080594,462.72163865000005,493.86874173999996
241,0.0,39796.0,-0.181253,39804.9,-120.179,39801.6,119.809,11.5583,-174.855,11.2325,68.7455,12.013,-51.7335,monvsource-source,459.97410679999996,447.10853925000004,478.1366208
242,0.0,39804.0,-0.160986,39810.4,-120.15700000000001,39809.7,119.833,10.1793,-173.27,9.792639999999999,69.4681,10.4015,-50.0819,monvsource-source,405.1768572,389.848915456,414.08059455
243,0.0,39803.2,-0.15975,39811.4,-120.154,39810.6,119.833,10.1272,-173.76,9.61717,69.7289,10.3972,-49.6249,monvsource-source,403.09496704,382.873001738,413.91877031999996
244,0.0,39801.6,-0.162869,39810.6,-120.156,39810.1,119.829,10.3479,-174.17700000000002,9.74905,69.4893,10.6123,-49.5956,monvsource-source,411.86297663999994,388.11552993000004,422.47672422999995
245,0.0,39799.2,-0.169606,39808.3,-120.161,39809.0,119.823,10.8008,-174.59900000000002,10.0755,68.8094,10.9886,-49.676,monvsource-source,429.86319935999995,401.08852665,437.4451774
246,0.0,39798.7,-0.172654,39806.7,-120.163,39808.8,119.822,10.9898,-174.52,10.2048,68.1892,11.0486,-49.6869,monvsource-source,437.37975326,406.21941216,439.83150768
247,0.0,39817.0,-0.10030800000000001,39830.6,-120.09100000000001,39829.6,119.88799999999999,6.330019999999999,-172.82,5.5282599999999995,77.3037,6.84363,-42.2552,monvsource-source,252.04240633999999,220.19391275599997,272.57904544800004
248,0.0,39839.5,-0.0229813,39853.3,-120.01100000000001,39853.6,119.96600000000001,1.4089,-148.245,1.5575,147.987,2.52006,-1.91356,monvsource-source,56.129871550000004,62.07151475000001,100.43346321599999
249,0.0,39846.0,-0.00985125,39855.8,-120.00299999999999,39855.1,119.98100000000001,0.9725290000000001,-104.569,1.6305399999999999,167.43400000000003,1.9275200000000001,17.7154,monvsource-source,38.751390534,64.986476132,76.821502352
250,0.0,39842.9,-0.0128342,39856.1,-120.00399999999999,39855.0,119.975,0.9259780000000001,-123.867,1.66326,165.643,2.15699,9.51145,monvsource-source,36.8936488562,66.29105688599999,85.96683645
251,0.0,39889.2,0.146921,39903.2,-119.84700000000001,39899.6,120.132,10.0036,-3.5565900000000004,10.9037,-128.44,9.705639999999999,109.285,monvsource-source,399.03560112,435.09252184,387.25115374399996
252,0.0,39923.1,0.27076999999999996,39938.3,-119.72,39936.1,120.256,18.0675,-1.04457,19.134,-123.962,17.7992,114.479,monvsource-source,721.31060925,764.1794322000001,710.8306311199999
253,0.0,39931.1,0.299203,39945.7,-119.68799999999999,39946.2,120.288,19.9289,-0.790669,21.1862,-123.03299999999999,19.8874,114.915,monvsource-source,795.7828987899999,846.29758934,794.42605788
254,0.0,39921.4,0.257916,39933.8,-119.73100000000001,39934.0,120.24799999999999,17.296,-1.67196,18.3544,-123.868,17.2553,114.152,monvsource-source,690.4805344,732.96093872,689.0731501999999
255,0.0,39893.2,0.153935,39904.8,-119.838,39903.7,120.14299999999999,10.5424,-4.195119999999999,11.4525,-127.58,10.4608,109.719,monvsource-source,420.57007168,457.00972200000007,417.42462495999996
256,0.0,39840.4,-0.0296772,39850.0,-120.02,39851.1,119.963,1.82197,-147.725,1.6513400000000003,126.186,2.54105,-8.14264,monvsource-source,72.588013588,65.80589900000001,101.26363765499998
257,0.0,39838.0,-0.037796699999999996,39847.9,-120.02799999999999,39849.0,119.955,2.29318,-154.946,1.9231200000000002,112.448,2.9250700000000003,-16.0006,monvsource-source,91.35570484,76.63229344800001,116.56111443000002
258,0.0,39840.7,-0.0103955,39859.2,-120.00299999999999,39854.5,119.97,0.7014739999999999,-130.657,1.9328900000000002,168.27599999999998,2.35373,3.39509,monvsource-source,27.947215191799994,77.043449088,93.80673228500001
259,0.0,39844.9,-0.0025163,39861.6,-120.009,39849.3,119.973,0.689392,-79.4497,2.20382,158.737,1.9314,-3.60586,monvsource-source,27.468755300799998,87.84779131199998,76.96493802
260,0.0,39837.5,-0.0277123,39854.3,-120.03299999999999,39843.0,119.949,1.68081,-155.68200000000002,2.4726,120.37799999999999,3.1331,-27.3819,monvsource-source,66.959268375,98.54374218,124.8321033
261,0.0,39829.8,-0.0545749,39845.1,-120.046,39842.4,119.931,3.37068,-167.639,2.89471,97.0897,4.23653,-30.5131,monvsource-source,134.253510264,115.34000942099999,168.793522872
262,0.0,39823.7,-0.0873276,39833.4,-120.08200000000001,39832.1,119.90299999999999,5.42352,-169.205,4.95597,79.5443,5.87295,-41.0627,monvsource-source,215.98463342399998,197.41313539799998,233.931931695
263,0.0,39809.9,-0.13150699999999999,39820.7,-120.12899999999999,39816.9,119.85600000000001,8.31927,-173.332,7.947019999999999,72.872,8.88901,-48.2196,monvsource-source,331.189306773,316.4558993139999,353.93282226900004
264,0.0,39797.1,-0.17308199999999999,39807.6,-120.165,39807.3,119.818,11.0574,-175.16400000000002,10.3211,68.8024,11.3407,-50.0241,monvsource-source,440.05245353999993,410.85822035999996,451.44264711
265,0.0,39796.0,-0.176036,39806.9,-120.169,39805.7,119.814,11.2582,-175.352,10.5766,68.8049,11.6104,-50.4226,monvsource-source,448.0313272,421.02165854,462.16009927999994
266,0.0,39794.0,-0.185198,39803.3,-120.175,39804.9,119.80799999999999,11.8384,-175.278,11.0071,67.7044,11.9548,-50.3876,monvsource-source,471.0972896,438.11890343,475.85961852
267,0.0,39792.8,-0.188911,39802.3,-120.179,39803.3,119.804,12.0866,-175.437,11.2875,67.6184,12.2415,-50.7191,monvsource-source,480.95965648000004,449.26846125,487.25209695
268,0.0,39793.0,-0.186622,39803.2,-120.177,39804.2,119.806,11.9481,-175.547,11.1047,67.7789,12.1223,-50.4892,monvsource-source,475.45074330000006,442.0025950399999,482.5184536599999
269,0.0,39795.9,-0.173991,39807.5,-120.162,39808.9,119.818,11.1428,-175.585,10.1568,68.4963,11.3308,-49.3143,monvsource-source,443.43775452,404.316816,451.06668412
270,0.0,39804.6,-0.152084,39813.2,-120.14200000000001,39815.2,119.84200000000001,9.64579,-173.842,8.84013,69.589,9.74216,-48.0923,monvsource-source,383.94681263399997,351.953863716,387.88604883200003
271,0.0,39823.4,-0.0772007,39837.7,-120.068,39836.1,119.91,4.83331,-171.12599999999998,4.12619,83.95700000000001,5.48804,-37.7204,monvsource-source,192.478837454,164.377919363,218.62211024399997
272,0.0,39845.5,-0.00182371,39859.6,-119.992,39858.8,119.986,0.737052,-75.2907,2.02422,-171.993,2.07182,28.697,monvsource-source,29.368205466000003,80.684599512,82.58025901600001
273,0.0,39847.7,0.00552724,39861.1,-119.98200000000001,39861.7,119.995,0.9745870000000001,-46.537,2.3480000000000003,-159.525,2.1623099999999997,44.9895,monvsource-source,38.8350503999,93.5938628,86.19335252699999
274,0.0,39845.8,0.000567977,39859.7,-119.985,39861.7,119.991,0.753687,-64.0391,2.17672,-161.155,2.21352,38.5922,monvsource-source,30.031261464600004,86.76340618399999,88.23467018399998
275,0.0,39849.1,0.005261999999999999,39860.4,-119.98700000000001,39859.6,119.995,1.08819,-49.6016,2.18287,-165.045,1.97688,44.7611,monvsource-source,43.363392129,87.010071348,78.79764604799999
276,0.0,39923.2,0.252882,39930.6,-119.741,39930.4,120.24600000000001,17.0872,-2.5771900000000003,17.6914,-123.973,17.0294,114.95200000000001,monvsource-source,682.1757030399999,706.42821684,679.99075376
277,0.0,39903.1,0.17591400000000001,39909.0,-119.82,39908.3,120.17,12.1282,-4.8895,12.5743,-126.471,12.0612,112.47,monvsource-source,483.95277741999996,501.8277387,481.34198796
278,0.0,39925.9,0.256965,39931.7,-119.74,39930.9,120.25200000000001,17.4155,-2.9212,17.8291,-124.066,17.3202,115.314,monvsource-source,695.3295114500002,711.9462724699999,691.6111741799999
279,0.0,39895.0,0.15025,39902.5,-119.848,39899.7,120.14200000000001,10.4212,-5.54232,10.8295,-128.35,10.1775,111.035,monvsource-source,415.753774,432.12412374999997,406.07919675
280,0.0,39847.4,-0.00812191,39856.2,-119.999,39857.1,119.985,1.01888,-95.5756,1.6643400000000002,174.62900000000002,1.9545400000000002,26.0471,monvsource-source,40.59971891200001,66.334267908,77.902296234
281,0.0,39837.0,-0.052251599999999995,39841.8,-120.044,39844.4,119.946,3.16872,-156.965,2.6988,91.9344,3.34171,-25.8564,monvsource-source,126.23229864,107.52504984000001,133.148429924
282,0.0,39837.6,-0.039083,39847.9,-120.03399999999999,39845.9,119.95100000000001,2.3704,-155.8,2.2556,107.834,3.0855900000000003,-22.3942,monvsource-source,94.43104704000001,89.88092323999999,122.94811058100001
283,0.0,39836.2,-0.041852600000000004,39847.2,-120.03399999999999,39846.3,119.948,2.53952,-158.641,2.2534,106.21,3.24032,-22.4783,monvsource-source,101.164826624,89.79168048,129.11476281600002
284,0.0,39833.1,-0.053144399999999994,39843.5,-120.04299999999999,39844.7,119.939,3.24238,-163.006,2.64078,95.4317,3.74893,-26.6455,monvsource-source,129.15404677799998,105.21791793,149.374991171
285,0.0,39829.0,-0.05926030000000001,39842.8,-120.04700000000001,39843.4,119.93,3.66296,-167.87599999999998,2.8801799999999997,93.2164,4.2948,-29.3686,monvsource-source,145.89203383999998,114.754435704,171.11943432000004
286,0.0,39824.0,-0.078924,39837.1,-120.072,39834.6,119.90799999999999,4.92167,-170.213,4.38392,83.2802,5.58394,-39.0405,monvsource-source,196.00058607999998,174.642659432,222.434016324
287,0.0,39812.2,-0.11565,39826.5,-120.10700000000001,39824.4,119.87100000000001,7.34135,-173.96599999999998,6.56703,75.125,7.91268,-44.7975,monvsource-source,292.27529446999995,261.541820295,315.11773339200005
288,0.0,39802.1,-0.156166,39813.1,-120.149,39811.7,119.834,9.948080000000001,-174.643,9.29895,70.214,10.3357,-49.1757,monvsource-source,395.954474968,370.220026245,411.4817876899999
289,0.0,39797.0,-0.171587,39808.3,-120.161,39808.8,119.819,10.9756,-175.37900000000002,10.1035,68.8304,11.2272,-49.501000000000005,monvsource-source,436.7959532,402.20315905,446.94135936
290,0.0,39795.8,-0.175341,39807.1,-120.164,39808.4,119.816,11.222999999999999,-175.49200000000002,10.2682,68.4367,11.4061,-49.4551,monvsource-source,446.6282634,408.74726422000003,454.05859124000006
291,0.0,39795.7,-0.176018,39807.0,-120.167,39807.0,119.815,11.2665,-175.495,10.4363,68.6379,11.5435,-49.9345,monvsource-source,448.35825404999997,415.43779409999996,459.5121045
292,0.0,39796.4,-0.171353,39808.5,-120.15899999999999,39810.0,119.82,10.9778,-175.643,9.94817,68.7237,11.1797,-48.989,monvsource-source,436.87691992000003,396.021725445,445.06385700000004
293,0.0,39799.1,-0.16189,39811.4,-120.148,39813.7,119.83,10.3585,-175.42,9.24193,69.1837,10.5165,-47.9695,monvsource-source,412.25897734999995,367.934172002,418.70077605
294,0.0,39806.1,-0.14515899999999998,39815.4,-120.132,39818.9,119.85,9.20662,-173.83599999999998,8.20172,69.9165,9.2326,-46.6563,monvsource-source,366.47963638199997,326.55476248800005,367.63197614
295,0.0,39825.5,-0.0711442,39839.2,-120.06,39839.0,119.917,4.43313,-170.02,3.6482300000000003,86.1547,5.02323,-34.8686,monvsource-source,176.551618815,145.34256461599998,200.12045996999998
296,0.0,39847.4,0.0117032,39864.5,-119.975,39863.9,119.99700000000001,1.13992,-28.1408,2.82305,-154.19,2.3412599999999997,48.992,monvsource-source,45.422848208000005,112.539476725,93.33175451399998
297,0.0,39849.3,0.0142612,39864.2,-119.971,39865.3,120.00299999999999,1.3693600000000001,-27.4789,2.92112,-150.355,2.4628099999999997,57.4827,monvsource-source,54.56803744800001,116.448111904,98.180659493
298,0.0,39847.9,0.012968200000000001,39864.3,-119.97200000000001,39865.2,120.0,1.22468,-26.6937,2.91186,-150.914,2.4428900000000002,53.5754,monvsource-source,48.800926172,116.079260598,97.386298428
299,0.0,39847.8,0.014388,39865.0,-119.973,39863.8,119.999,1.27614,-23.5091,2.9194,-152.972,2.3271599999999997,52.0752,monvsource-source,50.851371492000006,116.38188099999999,92.769440808
300,0.0,39910.3,0.224927,39924.7,-119.76,39926.8,120.215,15.0706,-1.5987200000000001,16.4644,-124.171,15.1999,112.50200000000001,monvsource-source,601.4721671800002,657.3362306800001,606.88336732
301,0.0,39931.7,0.296595,39944.7,-119.69200000000001,39945.1,120.286,19.8041,-1.10261,20.9254,-123.146,19.757,115.03,monvsource-source,790.8113799699998,835.85882538,789.1953407000001
302,0.0,39916.9,0.24930700000000003,39932.1,-119.73700000000001,39932.9,120.23700000000001,16.656,-1.21976,18.0006,-123.91,16.6609,113.374,monvsource-source,664.8558863999999,718.8017592599999,665.3180536100001
303,0.0,39890.7,0.148539,39903.1,-119.84200000000001,39902.6,120.13799999999999,10.1522,-3.97704,11.1812,-127.537,10.1283,109.10700000000001,monvsource-source,404.97836454,446.16454172,404.14550357999997
304,0.0,39843.1,-0.012470299999999998,39856.4,-120.00200000000001,39855.8,119.976,0.91484,-122.426,1.68022,168.31,2.1791099999999997,11.4281,monvsource-source,36.450061604,66.96752040800001,86.850172338
305,0.0,39833.7,-0.045052999999999996,39846.9,-120.03399999999999,39846.9,119.944,2.74885,-163.023,2.23953,105.706,3.50694,-22.6986,monvsource-source,109.49686624499999,89.238327957,139.740687486
306,0.0,39834.5,-0.0409142,39848.5,-120.03200000000001,39846.9,119.946,2.4917599999999998,-161.986,2.17616,110.335,3.3739999999999997,-22.1106,monvsource-source,99.25801372,86.71671176,134.4434406
307,0.0,39833.6,-0.0458557,39847.5,-120.045,39841.2,119.93700000000001,2.79775,-163.00799999999998,2.86347,101.62200000000001,3.8115,-31.4236,monvsource-source,111.4444544,114.102120825,151.8547338
308,0.0,39831.2,-0.0534268,39845.1,-120.04899999999999,39840.8,119.931,3.2809800000000005,-165.782,3.05507,96.40299999999999,4.168019999999999,-32.3484,monvsource-source,130.685370576,121.729569657,166.05725121599997
309,0.0,39825.3,-0.07919960000000001,39836.2,-120.072,39834.9,119.911,4.91176,-168.82299999999998,4.38981,82.1876,5.41887,-38.8207,monvsource-source,195.612315528,174.87334912199998,215.860144563
310,0.0,39819.9,-0.0999839,39829.3,-120.09,39830.8,119.89399999999999,6.24607,-170.653,5.47904,76.0631,6.479030000000001,-41.6201,monvsource-source,248.717882793,218.226327872,258.06494812400007
311,0.0,39812.6,-0.124655,39821.9,-120.116,39822.5,119.868,7.85433,-172.533,7.15884,72.5684,8.09897,-45.8311,monvsource-source,312.701298558,285.078610596,322.52123282499997
312,0.0,39800.6,-0.163508,39810.2,-120.15299999999999,39811.4,119.829,10.413,-174.602,9.59662,69.0811,10.5793,-49.001999999999995,monvsource-source,414.44364779999995,382.043361524,421.17674402
313,0.0,39796.2,-0.17970799999999998,39804.9,-120.171,39806.0,119.814,11.4623,-174.891,10.7267,68.0326,11.5981,-50.3283,monvsource-source,456.15598326,426.97522083,461.6739686
314,0.0,39793.8,-0.18781,39802.3,-120.178,39803.7,119.806,11.9949,-175.13,11.2371,67.5394,12.0989,-50.7289,monvsource-source,477.32265162000004,447.26242533000004,481.58098592999994
315,0.0,39791.6,-0.191393,39801.7,-120.181,39802.7,119.801,12.2618,-175.665,11.4207,67.5514,12.4328,-50.7537,monvsource-source,487.91664088,454.56327518999996,494.85900856
316,0.0,39796.2,-0.178233,39805.6,-120.17,39806.1,119.814,11.3787,-175.051,10.64,68.2773,11.5757,-50.2734,monvsource-source,452.82902093999996,423.531584,460.78347176999995
317,0.0,39797.4,-0.172586,39807.7,-120.162,39809.0,119.82,11.02,-175.074,10.1415,68.5542,11.1805,-49.4317,monvsource-source,438.567348,403.70978955,445.0845245
318,0.0,39797.8,-0.177739,39805.0,-120.17,39805.8,119.81700000000001,11.307,-174.421,10.7075,68.0727,11.4311,-50.6048,monvsource-source,449.99372460000006,426.21203749999995,455.02408038000004
319,0.0,39801.5,-0.16320199999999999,39809.9,-120.155,39810.5,119.83,10.3703,-174.199,9.71006,69.0759,10.548,-49.5065,monvsource-source,412.75349545,386.556517594,419.921154
320,0.0,39811.7,-0.124801,39822.6,-120.118,39821.0,119.865,7.88502,-173.079,7.29524,73.2729,8.32143,-46.5019,monvsource-source,313.916050734,290.51542442399995,331.36766402999996
321,0.0,39818.7,-0.097625,39831.4,-120.09,39829.8,119.891,6.13391,-171.923,5.46387,77.9878,6.66745,-42.2429,monvsource-source,244.244322117,217.633591518,265.56320001
322,0.0,39824.8,-0.08157710000000001,39835.7,-120.07700000000001,39832.9,119.90700000000001,5.06335,-169.043,4.67805,81.7249,5.64952,-40.4715,monvsource-source,201.64690108000002,186.35339638499997,225.036765208
323,0.0,39820.5,-0.0824822,39837.6,-120.07600000000001,39833.0,119.9,5.20706,-172.87599999999998,4.60877,83.7531,6.10365,-40.1503,monvsource-source,207.34773273000002,183.602335752,243.12669044999998
324,0.0,39856.2,0.025218900000000002,39868.9,-119.975,39862.6,120.009,2.2574099999999997,-23.9867,3.1678900000000003,-157.59,2.2951200000000003,67.8272,monvsource-source,89.97178444199997,126.30028962100002,91.489450512
325,0.0,39947.6,0.348905,39960.9,-119.65100000000001,39954.2,120.33200000000001,23.2762,-0.939642,23.7783,-123.486,22.6204,116.67200000000001,monvsource-source,929.8283271199999,950.2022684700001,903.77998568
326,0.0,39946.8,0.34272800000000003,39959.1,-119.65700000000001,39953.4,120.32799999999999,22.9022,-1.15286,23.4134,-123.5,22.3358,116.525,monvsource-source,914.8696029600001,935.5783919399998,892.3911517199999
327,0.0,39921.5,0.244823,39931.4,-119.75200000000001,39928.1,120.234,16.5825,-2.8638,17.1336,-125.191,16.2687,114.272,monvsource-source,661.99827375,684.16863504,649.5782804699999
328,0.0,39872.5,0.07458730000000001,39883.2,-119.92399999999999,39878.8,120.06200000000001,5.47411,-10.8649,6.12256,-137.619,5.228940000000001,99.3932,monvsource-source,218.266450975,244.18728499199997,208.52385247200002
329,0.0,39814.7,-0.11913,39824.3,-120.12100000000001,39818.4,119.868,7.484360000000001,-171.923,7.41948,74.5629,8.17035,-48.2997,monvsource-source,297.987548092,295.47559736400007,325.33026444
330,0.0,39820.7,-0.095195,39832.9,-120.10700000000001,39819.6,119.884,5.94728,-170.66299999999998,6.50821,80.013,7.21875,-48.9592,monvsource-source,236.824852696,259.240878109,287.4477375
331,0.0,39823.2,-0.0851674,39835.5,-120.088,39827.4,119.898,5.30538,-169.963,5.36222,81.7386,6.24792,-44.5347,monvsource-source,211.277208816,213.60671481,248.83840900799999
332,0.0,39821.5,-0.100597,39829.2,-120.105,39822.9,119.88799999999999,6.2499400000000005,-169.315,6.387519999999999,77.077,6.919989999999999,-47.0721,monvsource-source,248.88198571,254.40981158399995,275.574069771
333,0.0,39821.7,-0.108543,39824.7,-120.105,39825.4,119.889,6.71806,-168.303,6.4577800000000005,73.6267,6.782830000000001,-45.4526,monvsource-source,267.524569902,257.179151166,270.12891788200005
334,0.0,39815.0,-0.11478800000000002,39825.6,-120.109,39823.7,119.875,7.22355,-172.266,6.69079,74.6107,7.6802399999999995,-45.5092,monvsource-source,287.60564325,266.464726224,305.855573688
335,0.0,39806.2,-0.146249,39815.1,-120.135,39817.6,119.848,9.26735,-173.667,8.388010000000001,70.0243,9.34538,-47.2366,monvsource-source,368.89798757,333.96945695100004,372.11060268800003
336,0.0,39796.6,-0.181065,39804.0,-120.17200000000001,39805.9,119.814,11.5314,-174.62400000000002,10.8017,67.7249,11.5775,-50.3584,monvsource-source,458.91051323999994,429.95086680000003,460.85280725
337,0.0,39794.9,-0.18750799999999998,39802.1,-120.182,39801.7,119.806,11.9477,-174.72,11.4627,67.779,12.1516,-51.5152,monvsource-source,475.45752673,456.23953167,483.65433771999994
338,0.0,39795.6,-0.186675,39802.1,-120.18,39802.7,119.80799999999999,11.8804,-174.50599999999997,11.3491,67.6349,11.9973,-51.2616,monvsource-source,472.78764623999996,451.71801311,477.5249327099999
339,0.0,39802.5,-0.165656,39808.7,-120.16,39808.9,119.829,10.4874,-173.50900000000001,10.0204,68.9346,10.6378,-50.1357,monvsource-source,417.4247385,398.89909748,423.47911642
340,0.0,39803.4,-0.165537,39808.3,-120.16,39809.1,119.831,10.4585,-173.114,10.025,68.6892,10.5262,-50.1871,monvsource-source,416.28385890000004,399.0782075,419.0385484199999
341,0.0,39800.3,-0.16825199999999998,39808.5,-120.162,39808.1,119.825,10.6936,-174.243,10.1383,68.9859,10.9304,-50.1494,monvsource-source,425.60848808000003,403.59051554999996,435.11845624
342,0.0,39799.1,-0.170356,39808.2,-120.164,39807.3,119.821,10.847999999999999,-174.59099999999998,10.2754,69.0141,11.1425,-50.2856,monvsource-source,431.74063679999995,409.04517827999996,443.55284025000003
343,0.0,39799.5,-0.166945,39809.4,-120.161,39807.7,119.823,10.6388,-174.722,10.085,69.3735,11.0066,-50.2303,monvsource-source,423.41892060000004,401.47779900000006,438.14743082
344,0.0,39804.1,-0.14777,39816.5,-120.149,39809.7,119.836,9.40963,-174.56599999999997,9.197460000000001,71.9544,10.2065,-50.3099,monvsource-source,374.54185348299995,366.2106660900001,406.31770305
345,0.0,39820.6,-0.0840983,39837.6,-120.08200000000001,39830.2,119.896,5.29891,-172.49200000000002,4.99025,83.7691,6.3577699999999995,-42.1731,monvsource-source,211.005775546,198.79958339999996,253.23125065399998
346,0.0,39877.8,0.098912,39891.4,-119.902,39884.1,120.08200000000001,6.96864,-7.15802,7.6006,-135.096,6.41895,103.79700000000001,monvsource-source,277.894032192,303.19857484,256.014043695
347,0.0,39872.7,0.08697769999999999,39888.9,-119.916,39878.8,120.065,6.1216,-7.07125,6.79358,-138.264,5.37104,100.79,monvsource-source,244.08472032,270.98843326200006,214.19062995200002
348,0.0,39942.6,0.32615700000000003,39954.2,-119.671,39950.4,120.31299999999999,21.8352,-1.39725,22.4622,-123.51100000000001,21.4443,116.08,monvsource-source,872.15465952,897.4592312399999,856.70836272
349,0.0,39945.2,0.335503,39956.6,-119.66,39953.5,120.324,22.4458,-1.30539,23.1229,-123.25299999999999,22.1182,116.18700000000001,monvsource-source,896.60197016,923.91246614,883.6995037000002
350,0.0,39945.1,0.33014499999999997,39955.0,-119.671,39949.6,120.31700000000001,22.1477,-1.6434900000000001,22.4871,-123.679,21.6293,116.552,monvsource-source,884.69209127,898.4720805000001,864.0818832799999
351,0.0,39913.9,0.21974000000000002,39924.6,-119.774,39923.0,120.21,14.9214,-3.1793099999999996,15.6998,-125.611,14.7602,112.955,monvsource-source,595.5712674600001,626.80823508,589.2714646
352,0.0,39867.5,0.062059699999999995,39879.8,-119.929,39879.1,120.051,4.60324,-11.7543,5.69137,-137.466,4.79548,93.7408,monvsource-source,183.5196707,226.97069732600002,191.23942646800003
353,0.0,39812.6,-0.12746500000000002,39820.7,-120.118,39822.5,119.867,8.01909,-172.222,7.28063,71.8902,8.14446,-45.7589,monvsource-source,319.260822534,289.919783041,324.33275835
354,0.0,39822.5,-0.080589,39837.6,-120.07700000000001,39832.1,119.902,5.05014,-171.335,4.68879,83.8033,5.94494,-41.0046,monvsource-source,201.10920015,186.790140504,236.799444574
355,0.0,39822.7,-0.0820079,39836.8,-120.07799999999999,39832.5,119.90299999999999,5.13006,-170.946,4.70026,82.8988,5.915369999999999,-40.6936,monvsource-source,204.292840362,187.24331756800004,235.623975525
356,0.0,39819.7,-0.0875543,39835.8,-120.08200000000001,39830.9,119.895,5.52168,-172.68,4.99547,81.9756,6.39101,-41.598,monvsource-source,219.871641096,198.998543826,254.559680209
357,0.0,39816.7,-0.100911,39831.9,-120.104,39822.4,119.87899999999999,6.3726199999999995,-172.96099999999998,6.3343,79.1429,7.478339999999999,-46.6718,monvsource-source,253.73669875399995,252.30720417,297.80544681599997
358,0.0,39809.1,-0.12570499999999998,39823.7,-120.119,39820.6,119.86,8.00362,-174.52200000000002,7.29855,74.0494,8.639669999999999,-46.37,monvsource-source,318.61690894199995,290.655265635,344.03684320199994
359,0.0,39803.8,-0.161125,39809.9,-120.15700000000001,39809.3,119.833,10.1917,-173.338,9.81695,69.2561,10.3989,-50.2764,monvsource-source,405.6683884600001,390.811797805,413.97292977
360,0.0,39794.5,-0.19025699999999998,39801.4,-120.19,39798.0,119.801,12.117,-174.637,11.9404,68.0974,12.5233,-52.5799,monvsource-source,482.18995650000005,475.24463656,498.4022934
361,0.0,39802.3,-0.17113299999999998,39806.4,-120.167,39806.8,119.82600000000001,10.8091,-173.06599999999997,10.482000000000001,68.4098,10.8858,-50.8484,monvsource-source,430.2270409300001,417.25068480000004,433.32886344
362,0.0,39807.8,-0.152027,39812.7,-120.146,39813.7,119.845,9.56542,-172.27,9.119010000000001,69.7272,9.630419999999999,-48.9943,monvsource-source,380.77832627600003,363.05240942700004,383.4226527539999
363,0.0,39809.2,-0.14866500000000002,39813.7,-120.146,39813.3,119.84700000000001,9.33557,-171.855,9.0596,70.2345,9.48944,-49.3824,monvsource-source,371.64157324399997,360.69619651999994,377.80592155200003
364,0.0,39807.4,-0.152063,39813.1,-120.15,39811.3,119.84200000000001,9.57601,-172.449,9.35305,70.2891,9.855269999999999,-49.9729,monvsource-source,381.196060474,372.373914955,392.351110551
365,0.0,39804.1,-0.158856,39811.2,-120.15299999999999,39811.1,119.835,10.0516,-173.40099999999998,9.5559,69.5663,10.2489,-49.5537,monvsource-source,400.09489156,380.43184607999996,408.01998279000003
366,0.0,39800.7,-0.16990999999999998,39807.4,-120.162,39808.7,119.82600000000001,10.7781,-173.889,10.1665,68.4503,10.8531,-49.9559,monvsource-source,428.97592467,404.70193209999996,432.04780196999997
367,0.0,39807.4,-0.139837,39817.5,-120.131,39817.6,119.852,8.865269999999999,-173.75,8.1458,71.1017,9.14166,-47.5151,monvsource-source,352.90334899799996,324.34539149999995,363.99896121599994
368,0.0,39824.3,-0.08152639999999998,39835.2,-120.071,39836.1,119.91,5.068980000000001,-169.49,4.30796,81.0496,5.45003,-37.6739,monvsource-source,201.86858021400005,171.60844819199997,217.107940083
369,0.0,39826.8,-0.0810813,39833.9,-120.06700000000001,39838.8,119.917,4.99846,-167.097,4.072019999999999,79.2871,5.02578,-35.0311,monvsource-source,199.072666728,162.204437478,200.22104426400003
370,0.0,39833.3,-0.048299,39845.6,-120.03299999999999,39848.9,119.944,2.94864,-163.325,2.1078900000000003,103.84299999999999,3.5388699999999997,-19.8314,monvsource-source,117.45406171200001,83.990141784,141.02007674299998
371,0.0,39867.5,0.06907819999999999,39880.5,-119.911,39885.9,120.06299999999999,4.955369999999999,-8.87855,6.582319999999999,-131.619,5.70969,95.2672,monvsource-source,197.55821347499997,262.50621276,227.73612437100002
372,0.0,39863.9,0.049869300000000005,39874.4,-119.939,39876.0,120.042,3.81776,-14.2225,4.93455,-137.752,4.25595,90.6459,monvsource-source,152.190802864,196.76222052,169.71026220000002
373,0.0,39842.5,-0.0263718,39851.2,-120.01799999999999,39851.7,119.96700000000001,1.6656099999999998,-140.46,1.65104,130.976,2.3744400000000003,-4.49637,monvsource-source,66.362066425,65.795925248,94.62547054800001
374,0.0,39833.3,-0.0493253,39845.6,-120.041,39844.5,119.94,3.01054,-163.2,2.58222,99.8264,3.7206900000000003,-26.7417,monvsource-source,119.91974298200002,102.890105232,148.24903270500002
375,0.0,39832.6,-0.05273819999999999,39844.3,-120.04299999999999,39844.6,119.93799999999999,3.22227,-163.719,2.65583,96.8089,3.82358,-26.9642,monvsource-source,128.35139200199998,105.819687269,152.34901566800002
376,0.0,39833.7,-0.055646900000000006,39842.5,-120.04700000000001,39843.5,119.93799999999999,3.38785,-161.784,2.8634,92.5922,3.8014900000000003,-28.285999999999998,monvsource-source,134.950600545,114.0850145,151.46466681500002
377,0.0,39829.6,-0.0687301,39839.4,-120.06700000000001,39835.6,119.92,4.2196,-165.697,4.05903,85.9949,4.8497900000000005,-38.3132,monvsource-source,168.06498015999998,161.709319782,193.19429452400001
378,0.0,39833.1,-0.058698400000000005,39841.6,-120.053,39841.0,119.934,3.57749,-162.44299999999998,3.2153,90.1917,4.03365,-31.9766,monvsource-source,142.502516919,128.10269648,160.70464964999996
379,0.0,39828.7,-0.0673328,39840.6,-120.06700000000001,39834.8,119.91799999999999,4.14985,-167.00400000000002,4.0776699999999995,87.514,4.9814099999999994,-39.0841,monvsource-source,165.28313069499998,162.45681940199995,198.433471068
380,0.0,39823.3,-0.0902732,39833.0,-120.09200000000001,39827.4,119.897,5.6063,-169.2,5.56612,79.589,6.3112699999999995,-44.5047,monvsource-source,223.26136679000004,221.71525795999997,251.361474798
381,0.0,39814.9,-0.11902599999999999,39824.1,-120.119,39819.7,119.87,7.472919999999999,-171.78400000000002,7.288189999999999,74.2699,8.04683,-47.6543,monvsource-source,297.533562508,290.2456073789999,320.42235655099995
382,0.0,39810.4,-0.138018,39817.6,-120.13799999999999,39814.2,119.853,8.68741,-172.33700000000002,8.516539999999999,71.6882,9.12111,-49.4144,monvsource-source,345.849267064,339.1081831039999,363.14969776199996
383,0.0,39797.9,-0.172807,39808.1,-120.17299999999999,39802.6,119.814,11.0211,-174.86900000000003,10.8116,69.6729,11.6584,-51.7274,monvsource-source,438.61663569,430.38925396,464.03463184
384,0.0,39793.9,-0.189332,39802.3,-120.18700000000001,39799.6,119.801,12.0807,-174.967,11.7288,68.2148,12.4762,-51.9996,monvsource-source,480.73816773000004,466.83321624,496.54776952
385,0.0,39807.3,-0.15145,39813.4,-120.146,39813.7,119.844,9.54376,-172.583,9.07961,70.0438,9.6871,-48.9238,monvsource-source,379.9113174480001,361.49014477400004,385.67929326999996
386,0.0,39810.5,-0.145048,39814.7,-120.139,39816.4,119.853,9.09633,-171.565,8.63575,70.14399999999999,9.10262,-48.2208,monvsource-source,362.129445465,343.82979552499995,362.433558968
387,0.0,39809.9,-0.14413099999999998,39815.6,-120.139,39815.7,119.851,9.05636,-171.979,8.6414,70.6778,9.2086,-48.4444,monvsource-source,360.53278596399997,344.06252584000003,366.64685502000003
388,0.0,39809.3,-0.14627300000000001,39815.0,-120.14399999999999,39813.4,119.848,9.19485,-172.071,8.948160000000001,70.7717,9.46084,-49.3748,monvsource-source,366.04054210500004,356.2709904000001,376.66820725599996
389,0.0,39807.2,-0.151367,39813.5,-120.149,39812.1,119.84200000000001,9.541139999999999,-172.639,9.238669999999999,70.3614,9.81583,-49.6331,monvsource-source,379.80606820799994,367.82378804499996,390.78880554299997
390,0.0,39803.0,-0.16633599999999998,39808.1,-120.16,39809.1,119.83,10.5141,-173.21099999999998,10.0513,68.6532,10.5785,-50.1281,monvsource-source,418.49272229999997,400.12315552999996,421.12056435
391,0.0,39809.3,-0.134285,39819.2,-120.12799999999999,39817.8,119.85600000000001,8.49559,-173.347,7.9417800000000005,71.9195,8.87627,-47.7019,monvsource-source,338.203490987,316.235326176,353.433543606
392,0.0,39830.0,-0.061801699999999994,39842.0,-120.061,39836.6,119.92399999999999,3.7988199999999996,-166.118,3.7143699999999997,89.78299999999999,4.62097,-37.342,monvsource-source,151.3070006,147.98792953999998,184.083733502
393,0.0,39832.5,-0.055178,39842.7,-120.044,39844.1,119.93799999999999,3.37019,-163.56,2.7377700000000003,93.5101,3.8372599999999997,-27.6181,monvsource-source,134.24309317499998,109.080148779,152.892171166
394,0.0,39832.5,-0.05636080000000001,39842.4,-120.04700000000001,39843.0,119.936,3.4416800000000003,-163.457,2.89227,92.3078,3.9134,-29.2125,monvsource-source,137.09071860000003,115.234978248,155.9215962
395,0.0,39838.5,-0.0377144,39847.7,-120.031,39846.9,119.954,2.2901599999999998,-153.741,2.11111,109.061,2.91376,-19.698,monvsource-source,91.23653915999999,84.122877947,116.104303344
396,0.0,39840.0,-0.034617199999999994,39848.3,-120.029,39847.5,119.958,2.1143400000000003,-149.85299999999998,2.01234,112.171,2.7090799999999997,-17.2131,monvsource-source,84.2353056,80.18832802200001,107.95006529999999
397,0.0,39836.4,-0.0457714,39845.7,-120.04299999999999,39842.6,119.944,2.77656,-158.112,2.72136,99.1486,3.4325900000000003,-28.7621,monvsource-source,110.60815478399999,108.43449415199998,136.763310334
398,0.0,39834.8,-0.0481816,39845.3,-120.046,39841.5,119.94,2.92887,-160.666,2.8650599999999997,97.6351,3.65841,-30.7407,monvsource-source,116.670950676,114.159175218,145.75654201499998
399,0.0,39833.8,-0.050616,39844.8,-120.04799999999999,39840.8,119.93700000000001,3.08305,-162.082,2.99668,96.0979,3.83408,-31.99,monvsource-source,122.80959709000001,119.402115264,152.752814464
400,0.0,39831.2,-0.0656234,39839.5,-120.064,39836.3,119.925,4.01363,-164.19,3.8853400000000002,86.2924,4.559080000000001,-37.6321,monvsource-source,159.86769925599998,154.79000293,181.61687860400002
401,0.0,39828.3,-0.065443,39841.4,-120.06,39837.9,119.921,4.04345,-167.761,3.6845800000000004,89.10600000000001,4.81203,-35.9786,monvsource-source,161.043739635,146.798825612,191.701169937
402,0.0,39827.1,-0.0669737,39841.9,-120.068,39833.8,119.914,4.15564,-168.945,4.1554,89.0106,5.2278400000000005,-39.9654,monvsource-source,165.507089844,165.55903126,208.24473299200002
403,0.0,39826.3,-0.069936,39841.1,-120.074,39831.2,119.91,4.34509,-169.287,4.50721,87.6423,5.50789,-42.1432,monvsource-source,173.048857867,179.572204331,219.38586816799997
404,0.0,39817.7,-0.0936549,39834.0,-120.087,39830.2,119.89,5.92743,-173.382,5.2526,80.3236,6.727069999999999,-41.9252,monvsource-source,236.016629511,209.23206840000003,267.94054351399996
405,0.0,39814.1,-0.11887400000000001,39824.0,-120.11,39824.1,119.87299999999999,7.4828399999999995,-172.33,6.79392,73.5265,7.78218,-45.1404,monvsource-source,297.92254004399996,270.56107008,309.918314538
406,0.0,39809.0,-0.13583399999999998,39819.4,-120.135,39814.6,119.852,8.593110000000001,-173.338,8.34163,72.569,9.21423,-49.0723,monvsource-source,342.08311599,332.158701622,366.860881758
407,0.0,39797.9,-0.174227,39807.1,-120.17200000000001,39803.8,119.815,11.1032,-174.736,10.7541,69.1591,11.5694,-51.3209,monvsource-source,441.88404327999996,428.08953410999993,460.50608372000005
408,0.0,39793.9,-0.19003399999999998,39801.7,-120.184,39801.3,119.803,12.1205,-174.896,11.5892,67.7673,12.3371,-51.4562,monvsource-source,482.32196495,461.26986163999993,491.03261823
409,0.0,39805.8,-0.15283,39813.6,-120.149,39812.1,119.839,9.659980000000001,-173.188,9.25559,70.4333,9.97654,-49.4033,monvsource-source,384.52323188400004,368.49835802399997,397.187008134
410,0.0,39809.4,-0.146276,39814.8,-120.14200000000001,39814.8,119.84899999999999,9.19244,-172.011,8.813889999999999,70.4665,9.34384,-48.7873,monvsource-source,365.945520936,350.923267572,372.023120832
411,0.0,39809.8,-0.14535599999999999,39814.9,-120.139,39816.4,119.852,9.129480000000001,-171.89,8.62588,70.2527,9.17382,-48.1238,monvsource-source,363.4427729040001,343.438549612,365.26848664799996
412,0.0,39808.4,-0.147567,39814.6,-120.14200000000001,39815.1,119.848,9.29013,-172.38400000000001,8.807210000000001,70.3489,9.4289,-48.5112,monvsource-source,369.825211092,350.65554326600005,375.41259639000003
413,0.0,39803.6,-0.15481099999999998,39813.5,-120.147,39813.2,119.837,9.83078,-174.072,9.15366,70.2416,10.1205,-48.6679,monvsource-source,391.300434808,364.43924241,402.92949059999995
414,0.0,39801.8,-0.169574,39807.0,-120.163,39808.4,119.82700000000001,10.7317,-173.445,10.2176,68.3554,10.7675,-50.1975,monvsource-source,427.14097706,406.73200319999995,428.636947
415,0.0,39812.8,-0.12107899999999999,39823.3,-120.113,39823.1,119.87,7.64195,-172.86900000000003,6.936,73.2283,7.97213,-45.5638,monvsource-source,304.24742696,276.21440880000006,317.474930203
416,0.0,39832.5,-0.0484969,39846.2,-120.042,39843.3,119.93799999999999,2.96937,-164.63400000000001,2.65657,100.524,3.81351,-28.5926,monvsource-source,118.277430525,105.854219534,151.942822983
417,0.0,39832.1,-0.0557498,39842.8,-120.04799999999999,39842.2,119.935,3.40942,-164.138,2.94434,92.9094,3.9740699999999998,-30.3613,monvsource-source,135.80435838199998,117.310749752,158.33569175399998
418,0.0,39848.0,-0.00717921,39857.3,-120.00299999999999,39855.2,119.98299999999999,1.04332,-91.3299,1.76417,167.38,1.8655099999999998,20.6407,monvsource-source,41.574215360000004,70.315052941,74.35027415199998
419,0.0,39930.0,0.280827,39939.7,-119.711,39939.6,120.273,18.8755,-1.92485,19.6805,-123.542,18.817999999999998,115.12700000000001,monvsource-source,753.698715,786.0332658499999,751.5833928
420,0.0,39958.9,0.379104,39964.6,-119.61200000000001,39967.0,120.376,25.3546,-1.2222899999999999,26.044,-121.71799999999999,25.5136,117.186,monvsource-source,1013.1419259400001,1040.8380424,1019.7020512
421,0.0,39960.7,0.38401199999999996,39967.0,-119.613,39965.7,120.37799999999999,25.6906,-1.2542799999999998,26.0964,-122.177,25.5341,117.492,monvsource-source,1026.6143594199998,1042.9948188,1020.4881803699999
422,0.0,39927.6,0.25654699999999997,39932.2,-119.745,39928.8,120.25,17.4603,-3.3984199999999998,17.5421,-124.71700000000001,17.1515,115.704,monvsource-source,697.14787428,700.4946456199999,684.8388132
423,0.0,39926.6,0.26238,39935.0,-119.736,39932.0,120.25299999999999,17.735,-2.60692,18.1769,-124.514,17.4401,115.17,monvsource-source,708.0982509999999,725.8945015,696.4180732
424,0.0,39877.9,0.08664060000000001,39885.0,-119.916,39880.0,120.07700000000001,6.344609999999999,-10.6654,6.59645,-135.8,5.96617,104.62,monvsource-source,253.00972311899997,263.09940824999995,237.9308596
425,0.0,39820.7,-0.103675,39827.7,-120.102,39825.0,119.88799999999999,6.44735,-169.56099999999998,6.25681,75.6812,6.850439999999999,-45.5975,monvsource-source,256.73799014499997,249.19435163699998,272.81877299999996
426,0.0,39823.5,-0.09123250000000001,39832.2,-120.09200000000001,39827.2,119.897,5.6593599999999995,-168.899,5.61696,78.9019,6.28948,-44.6779,monvsource-source,225.37552295999998,223.73587411199995,250.492377856
427,0.0,39822.9,-0.09208630000000001,39832.4,-120.09700000000001,39824.7,119.89399999999999,5.7202,-169.261,5.8952800000000005,79.2683,6.54132,-46.2639,monvsource-source,227.79495258,234.82315107200003,260.50610660399997
428,0.0,39818.6,-0.110876,39826.5,-120.12200000000001,39815.9,119.874,6.9142399999999995,-170.24599999999998,7.4515899999999995,76.0824,7.87153,-50.3576,monvsource-source,275.31535686399997,296.770749135,313.41205132700003
429,0.0,39814.1,-0.125404,39821.6,-120.12899999999999,39815.7,119.86399999999999,7.86495,-171.56,7.93577,73.3973,8.48494,-49.4847,monvsource-source,313.13590579500004,316.015058632,337.83382555799994
430,0.0,39805.2,-0.149094,39815.5,-120.155,39806.8,119.835,9.458,-173.875,9.58453,71.888,10.3388,-51.5824,monvsource-source,376.47758159999995,381.6128542150001,411.55454384000006
431,0.0,39797.9,-0.179308,39805.5,-120.19,39795.0,119.806,11.3966,-174.261,11.8713,69.7766,12.3432,-54.111000000000004,monvsource-source,453.56074714,472.54303215,491.19764399999997
432,0.0,39801.8,-0.165822,39809.8,-120.16799999999999,39804.7,119.823,10.515,-173.81799999999998,10.4424,70.0351,11.0831,-51.5726,monvsource-source,418.51592700000003,415.70985551999996,441.15947056999994
433,0.0,39810.5,-0.139763,39817.5,-120.13799999999999,39815.1,119.852,8.78594,-172.071,8.53782,71.68,9.15066,-48.876000000000005,monvsource-source,349.77266437000003,339.95464785,364.334442966
434,0.0,39811.2,-0.137604,39818.0,-120.133,39817.4,119.85600000000001,8.64385,-171.91299999999998,8.23397,71.5697,8.88605,-47.9236,monvsource-source,344.12204112,327.86021745999994,353.81940726999994
435,0.0,39813.0,-0.13486800000000002,39818.4,-120.131,39818.3,119.861,8.44401,-171.192,8.085180000000001,71.5963,8.61582,-47.7603,monvsource-source,336.18137013,321.938931312,343.067305506
436,0.0,39810.8,-0.139252,39817.4,-120.135,39816.9,119.855,8.74974,-171.97299999999998,8.34371,71.3369,8.977319999999999,-48.1115,monvsource-source,348.334149192,332.22483855400003,357.44905270799995
437,0.0,39808.3,-0.14599700000000002,39815.4,-120.14200000000001,39814.2,119.84700000000001,9.20071,-172.59099999999998,8.82356,70.8406,9.48087,-48.9359,monvsource-source,366.2646238930001,351.31357082400007,377.47325435399995
438,0.0,39804.0,-0.159627,39810.8,-120.154,39810.9,119.835,10.0996,-173.386,9.601469999999999,69.38,10.2683,-49.6298,monvsource-source,402.00447840000004,382.24220187599997,408.79026447
439,0.0,39811.3,-0.12582100000000002,39822.1,-120.12299999999999,39818.4,119.86200000000001,7.95498,-173.21400000000003,7.57132,73.3158,8.52237,-47.7919,monvsource-source,316.698095274,301.505862172,339.347137608
440,0.0,39835.7,-0.044329099999999996,39846.7,-120.04700000000001,39839.7,119.941,2.69137,-159.464,2.9635,99.6901,3.60889,-33.2186,monvsource-source,107.212607909,118.08569544999999,143.77709493299997
441,0.0,39837.8,-0.040601599999999995,39846.7,-120.041,39842.2,119.948,2.46277,-155.467,2.60825,101.961,3.1736,-28.8028,monvsource-source,98.11133870600001,103.930155275,126.44320592
442,0.0,39835.2,-0.048683199999999996,39843.7,-120.041,39843.9,119.944,2.9569799999999997,-159.93200000000002,2.56992,96.1831,3.42069,-26.7631,monvsource-source,117.79188969599998,102.395121504,136.293630291
443,0.0,39859.7,0.026200900000000003,39865.7,-119.97399999999999,39862.3,120.01799999999999,2.52833,-27.6977,2.93132,-154.763,2.45991,80.3369,monvsource-source,100.77847530099999,116.85912372399999,98.057670393
444,0.0,39888.3,0.11916900000000001,39892.4,-119.882,39889.9,120.11399999999999,8.49775,-8.28087,8.64954,-130.476,8.28867,109.70299999999999,monvsource-source,338.96080132500003,345.05090949600003,330.634217433
445,0.0,39916.0,0.20869200000000002,39917.2,-119.79299999999999,39915.3,120.206,14.4158,-5.0596,14.3491,-125.65299999999999,14.2534,114.87700000000001,monvsource-source,575.4210728,572.77589452,568.92873702
446,0.0,39891.0,0.12789,39894.4,-119.869,39894.4,120.125,9.072280000000001,-7.78545,9.3667,-128.817,9.079,110.081,monvsource-source,361.90232148000007,373.67887648,362.2012576
447,0.0,39910.4,0.199554,39916.0,-119.79799999999999,39914.4,120.194,13.6921,-4.35111,14.038,-125.87799999999999,13.5472,113.609,monvsource-source,546.4571878400001,560.3408079999999,540.72835968
448,0.0,39829.8,-0.0752646,39835.2,-120.072,39834.6,119.92,4.60912,-164.734,4.3543199999999995,81.0838,4.87456,-39.3099,monvsource-source,183.58032777600002,173.45520806399998,194.176147776
449,0.0,39822.4,-0.0941717,39830.7,-120.087,39830.8,119.899,5.85352,-169.429,5.30945,77.2135,6.14901,-41.8676,monvsource-source,233.101214848,211.479110115,244.919987508
450,0.0,39823.6,-0.09277619999999999,39830.9,-120.089,39829.6,119.9,5.74808,-168.57,5.42326,77.539,6.09936,-42.9573,monvsource-source,228.909238688,216.013326734,242.93506905599997
451,0.0,39816.4,-0.113652,39824.8,-120.10600000000001,39825.4,119.88,7.124389999999999,-171.44,6.4968900000000005,73.7428,7.356089999999999,-44.7274,monvsource-source,283.667561996,258.73734487200005,292.95922668599997
452,0.0,39814.2,-0.12265899999999999,39821.9,-120.117,39821.6,119.87100000000001,7.70033,-171.768,7.201569999999999,72.6273,7.9516,-46.5279,monvsource-source,306.582478686,286.78020038299996,316.64543455999996
453,0.0,39811.4,-0.128473,39821.2,-120.12799999999999,39816.5,119.859,8.107280000000001,-172.84400000000002,7.894430000000001,73.1399,8.715119999999999,-48.6783,monvsource-source,322.76216699200006,314.365675916,347.00557547999995
454,0.0,39804.4,-0.15266500000000002,39813.3,-120.147,39812.1,119.839,9.6866,-173.918,9.16346,70.1569,10.0093,-49.3414,monvsource-source,385.56930104,364.8275820180001,398.49125253
455,0.0,39793.3,-0.18670899999999999,39803.2,-120.181,39802.0,119.804,11.9461,-175.438,11.338,68.1242,12.2741,-51.2435,monvsource-source,475.37474113,451.28868159999996,488.5337282
456,0.0,39801.5,-0.169693,39807.8,-120.169,39805.2,119.823,10.7473,-173.59099999999998,10.5464,69.1913,11.0927,-51.3139,monvsource-source,427.75866095,419.82898192000005,441.54714204
457,0.0,39811.5,-0.137507,39818.1,-120.137,39814.9,119.854,8.63125,-171.75400000000002,8.4943,72.0064,9.04551,-49.1371,monvsource-source,343.623009375,338.22688683,360.14607609899997
458,0.0,39811.8,-0.136851,39818.1,-120.133,39817.0,119.85700000000001,8.58613,-171.653,8.25638,71.6633,8.8443,-48.1764,monvsource-source,341.82929033400006,328.753364478,352.15349310000005
459,0.0,39813.3,-0.133389,39819.0,-120.13,39818.3,119.861,8.34962,-171.142,8.031889999999999,71.8941,8.56804,-47.8126,monvsource-source,332.425925946,319.8218279099999,341.164787132
460,0.0,39812.3,-0.136155,39818.1,-120.131,39818.3,119.859,8.53503,-171.46400000000003,8.11541,71.4362,8.69478,-47.653999999999996,monvsource-source,339.799174869,323.140206921,346.211358474
461,0.0,39808.8,-0.145222,39815.4,-120.139,39815.7,119.85,9.14516,-172.44099999999997,8.65342,70.5984,9.31436,-48.3418,monvsource-source,364.05784540800005,344.53937866800004,370.857763452
462,0.0,39803.7,-0.162241,39809.7,-120.15799999999999,39809.1,119.83200000000001,10.2596,-173.28799999999998,9.88898,69.2552,10.4638,-50.2817,monvsource-source,408.37004052,393.677327106,416.55446058
463,0.0,39808.3,-0.135242,39819.5,-120.133,39815.0,119.852,8.57627,-173.796,8.23467,72.5114,9.19807,-48.8603,monvsource-source,341.406729041,327.90044206499994,366.22115705
464,0.0,39828.8,-0.068272,39839.2,-120.065,39835.8,119.92,4.20411,-166.729,3.96486,85.87,4.839919999999999,-38.1462,monvsource-source,167.44465636800004,157.956850512,192.802085136
465,0.0,39834.4,-0.0556952,39841.5,-120.052,39840.3,119.93700000000001,3.3862099999999997,-160.81799999999998,3.16017,90.1856,3.80614,-32.5453,monvsource-source,134.887643624,125.905913055,151.637759442
466,0.0,39834.0,-0.0510856,39844.0,-120.04799999999999,39840.7,119.93799999999999,3.1105400000000003,-161.86,2.98332,94.7842,3.7800199999999995,-32.0249,monvsource-source,123.90525036000001,118.86740208,150.59864281399996
467,0.0,39835.2,-0.052512199999999995,39842.2,-120.046,39842.4,119.94200000000001,3.18927,-159.846,2.84197,92.1613,3.55652,-29.3117,monvsource-source,127.045208304,113.23033713399998,141.700292448
468,0.0,39834.2,-0.058744399999999995,39839.9,-120.053,39840.5,119.93700000000001,3.57188,-160.885,3.22875,87.5967,3.8370300000000004,-32.4046,monvsource-source,142.282982296,128.633077125,152.869193715
469,0.0,39829.6,-0.0747473,39835.2,-120.071,39834.7,119.92,4.57977,-164.938,4.3103,81.0776,4.84817,-39.2586,monvsource-source,182.41040719199998,171.70166255999996,193.12539749899997
470,0.0,39833.1,-0.0627665,39838.6,-120.059,39838.3,119.932,3.8229599999999997,-162.065,3.56494,85.3856,4.107469999999999,-35.345,monvsource-source,152.280347976,142.022218684,163.634622101
471,0.0,39827.1,-0.08169939999999999,39833.4,-120.075,39834.0,119.914,5.0309,-166.739,4.58509,79.1947,5.24594,-39.6836,monvsource-source,200.36615738999998,182.639724006,208.96677395999998
472,0.0,39827.5,-0.08139600000000001,39833.7,-120.07700000000001,39833.0,119.913,5.00774,-166.44299999999998,4.698869999999999,79.5845,5.294919999999999,-40.6258,monvsource-source,199.44576485000002,187.17337791899996,210.91254836
473,0.0,39826.6,-0.088282,39831.4,-120.086,39830.5,119.90700000000001,5.43116,-166.43599999999998,5.23358,77.7882,5.67163,-42.6331,monvsource-source,216.304636856,208.46081841199998,225.903858715
474,0.0,39821.0,-0.10665999999999999,39825.8,-120.102,39826.3,119.89,6.619489999999999,-169.04,6.252730000000001,74.1885,6.75484,-44.7757,monvsource-source,263.59471128999996,249.01997443400003,269.020284292
475,0.0,39815.5,-0.119778,39823.2,-120.12,39819.1,119.87,7.504239999999999,-171.325,7.38536,73.7929,8.013760000000001,-48.0499,monvsource-source,298.78506772,294.108668352,319.10071081600006
476,0.0,39814.1,-0.13151600000000002,39818.7,-120.137,39813.1,119.86,8.223239999999999,-170.89,8.46011,72.3205,8.74549,-50.6066,monvsource-source,327.40089968399997,336.870582057,348.185067919
477,0.0,39810.2,-0.14668499999999998,39813.6,-120.15,39809.7,119.84700000000001,9.19754,-171.532,9.34762,70.5372,9.56189,-51.2679,monvsource-source,366.15590690799996,372.16240363199995,380.65597233299997
478,0.0,39804.0,-0.161449,39810.1,-120.165,39804.8,119.829,10.2053,-173.208,10.2876,69.9825,10.7367,-51.9866,monvsource-source,406.21176119999996,409.55038476,427.37219616000004
479,0.0,39801.7,-0.16383699999999998,39810.3,-120.164,39805.9,119.825,10.4015,-174.03599999999997,10.2191,70.0239,10.9375,-51.1961,monvsource-source,413.99738255,406.82543673000004,435.37703125
480,0.0,39808.6,-0.148533,39814.2,-120.147,39812.0,119.845,9.34324,-172.215,9.163210000000001,70.6424,9.65113,-49.8741,monvsource-source,371.94130386399996,364.825875582,384.23078756
