hour, t(sec), V1, VAngle1, V2, VAngle2, V3, VAngle3, V4, VAngle4, I1, IAngle1, I2, IAngle2, I3, IAngle3, I4, IAngle4
1, 0.00000, 2429.85, -1.87018, 2404.45, -121.612, 2375.6, 115.009, 0, 0, 21.8152, -1.8704, 22.0459, -121.611, 22.3147, 115.006, 1.09854, -137.926
2, 0.00000, 2429.38, -1.88784, 2404.54, -121.6, 2373.92, 114.965, 0, 0, 22.0796, -1.88721, 22.3077, -121.601, 22.594, 114.969, 1.1303, -138.072
3, 0.00000, 2428.83, -1.89706, 2404.47, -121.607, 2374.64, 114.983, 0, 0, 22.3625, -1.89675, 22.5893, -121.607, 22.8737, 114.982, 1.13795, -138.433
4, 0.00000, 2428.67, -1.90006, 2404.46, -121.608, 2374.76, 114.986, 0, 0, 22.4314, -1.89995, 22.6574, -121.608, 22.9408, 114.986, 1.13925, -138.565
5, 0.00000, 2427.72, -1.94131, 2403.2, -121.616, 2368.67, 114.834, 0, 0, 23.5438, -1.94128, 23.7839, -121.616, 24.13, 114.835, 1.25586, -137.594
6, 0.00000, 2427.9, -1.94027, 2402.71, -121.623, 2367.07, 114.797, 0, 0, 23.4197, -1.94033, 23.6647, -121.623, 24.0197, 114.801, 1.26175, -136.997
7, 0.00000, 2424.64, -2.10069, 2398.59, -121.617, 2341.54, 114.161, 0, 0, 26.7691, -2.10067, 27.0597, -121.617, 27.7186, 114.162, 1.75773, -133.933
8, 0.00000, 2426.33, -2.06826, 2405.49, -121.446, 2341.46, 114.159, 0, 0, 26.9455, -2.06857, 27.1801, -121.45, 27.9213, 114.16, 1.86322, -135.076
9, 0.00000, 2440.57, -2.1698, 2404.36, -121.377, 2320.15, 113.63, 0, 0, 29.2739, -2.17041, 29.7144, -121.377, 30.793, 113.63, 2.25296, -129.7
10, 0.00000, 2442.36, -2.10888, 2405.22, -121.385, 2327.19, 113.801, 0, 0, 28.9544, -2.10903, 29.4017, -121.385, 30.389, 113.798, 2.13044, -129.68
11, 0.00000, 2435.35, -2.22467, 2405.92, -121.408, 2335.14, 113.996, 0, 0, 29.2922, -2.22419, 29.6512, -121.408, 30.5514, 113.993, 2.0252, -133.542
12, 0.00000, 2432.11, -2.28723, 2405.91, -121.413, 2335.82, 114.014, 0, 0, 29.4473, -2.28697, 29.7682, -121.413, 30.6615, 114.013, 2.02108, -135.061
13, 0.00000, 2428.66, -2.35247, 2406.1, -121.413, 2336.8, 114.038, 0, 0, 29.3233, -2.35214, 29.5985, -121.413, 30.4764, 114.038, 1.99997, -136.774
14, 0.00000, 2428.62, -2.34768, 2406.41, -121.412, 2338.39, 114.077, 0, 0, 29.0281, -2.34773, 29.2966, -121.411, 30.1509, 114.073, 1.96213, -137.07
15, 0.00000, 2429.4, -2.33348, 2406.35, -121.412, 2338.08, 114.07, 0, 0, 29.1026, -2.33438, 29.3805, -121.412, 30.238, 114.071, 1.96776, -136.734
16, 0.00000, 2429.87, -2.32439, 2406.19, -121.415, 2337.74, 114.062, 0, 0, 29.1176, -2.32497, 29.4036, -121.415, 30.2641, 114.063, 1.97116, -136.397
17, 0.00000, 2429.97, -2.31081, 2406.06, -121.429, 2339.41, 114.11, 0, 0, 28.254, -2.31117, 28.535, -121.428, 29.3504, 114.104, 1.88727, -136.341
18, 0.00000, 2433.44, -2.2325, 2401.89, -121.533, 2339.8, 114.126, 0, 0, 26.6349, -2.23282, 26.9846, -121.533, 27.7008, 114.126, 1.71401, -133.487
19, 0.00000, 2433.65, -2.23913, 2397.79, -121.611, 2335.64, 114.025, 0, 0, 25.2395, -2.23915, 25.6168, -121.611, 26.2979, 114.027, 1.63102, -131.726
20, 0.00000, 2435.77, -2.19829, 2397.97, -121.603, 2335.28, 114.015, 0, 0, 25.0203, -2.20069, 25.4134, -121.603, 26.0951, 114.017, 1.62668, -130.841
21, 0.00000, 2437.85, -2.13654, 2399.13, -121.592, 2340.56, 114.146, 0, 0, 23.6248, -2.13665, 24.0062, -121.592, 24.6075, 114.144, 1.48372, -130.661
22, 0.00000, 2440.89, -2.0665, 2399.89, -121.583, 2343.61, 114.218, 0, 0, 23.4505, -2.06667, 23.8512, -121.583, 24.4243, 114.217, 1.44563, -129.791
23, 0.00000, 2447.47, -1.87591, 2401.79, -121.6, 2358.92, 114.595, 0, 0, 22.2236, -1.87612, 22.6466, -121.6, 23.0596, 114.59, 1.21164, -128.222
24, 0.00000, 2442.23, -1.95035, 2402.86, -121.625, 2369.47, 114.858, 0, 0, 22.2858, -1.95, 22.6513, -121.625, 22.9712, 114.855, 1.08829, -132.867
25, 0.00000, 2444.84, -1.88623, 2402.45, -121.646, 2372.44, 114.93, 0, 0, 22.4324, -1.88632, 22.8282, -121.646, 23.1173, 114.929, 1.05575, -131.456
26, 0.00000, 2446, -1.86006, 2402.29, -121.652, 2372.82, 114.94, 0, 0, 22.452, -1.8618, 22.8602, -121.652, 23.1444, 114.939, 1.05125, -130.678
27, 0.00000, 2446.27, -1.85074, 2402.26, -121.657, 2373.68, 114.962, 0, 0, 22.3925, -1.85125, 22.8028, -121.657, 23.0781, 114.959, 1.03865, -130.523
28, 0.00000, 2446.47, -1.84518, 2402.16, -121.661, 2373.99, 114.97, 0, 0, 22.2948, -1.84551, 22.706, -121.661, 22.9758, 114.969, 1.02876, -130.373
29, 0.00000, 2446.27, -1.94233, 2397.36, -121.676, 2348.52, 114.33, 0, 0, 27.1163, -1.94236, 27.6694, -121.676, 28.2444, 114.331, 1.57575, -126.349
30, 0.00000, 2446.73, -1.95494, 2393.95, -121.728, 2341.53, 114.159, 0, 0, 27.6904, -1.955, 28.3005, -121.728, 28.9331, 114.161, 1.67695, -124.462
31, 0.00000, 2442.52, -2.27006, 2375.95, -122.234, 2294.33, 112.648, 0, 0, 37.5312, -2.27005, 38.5831, -122.234, 39.9559, 112.648, 3.15176, -119.18
32, 0.00000, 2442.65, -2.36607, 2374.44, -122.189, 2268.81, 112.038, 0, 0, 42.7138, -2.36605, 43.9409, -122.189, 45.4405, 112.038, 3.86951, -124.995
33, 0.00000, 2429.19, -2.65199, 2363.94, -122.429, 2265.88, 111.964, 0, 0, 43.8863, -2.65092, 45.0986, -122.428, 46.3657, 111.964, 3.71343, -128.538
34, 0.00000, 2421.97, -2.8276, 2363.09, -122.433, 2258.5, 111.787, 0, 0, 45.5395, -2.82687, 46.6749, -122.433, 47.7955, 111.787, 3.85603, -134.694
35, 0.00000, 2422.26, -2.82322, 2363.83, -122.421, 2258.97, 111.796, 0, 0, 46.4587, -2.82366, 47.6066, -122.422, 48.7759, 111.796, 3.94679, -134.512
36, 0.00000, 2417.91, -2.9297, 2362.49, -122.434, 2253.21, 111.661, 0, 0, 47.6745, -2.92914, 48.7936, -122.434, 49.8224, 111.662, 4.06547, -138.658
37, 0.00000, 2420.68, -2.86083, 2365.22, -122.379, 2257.07, 111.753, 0, 0, 46.8773, -2.86109, 47.9763, -122.379, 49.1381, 111.753, 4.03015, -136.343
38, 0.00000, 2419.8, -2.89896, 2362.81, -122.422, 2252.01, 111.632, 0, 0, 48.0804, -2.89818, 49.2404, -122.419, 50.2558, 111.624, 4.12605, -138.723
39, 0.00000, 2420.15, -2.88987, 2363.46, -122.41, 2252.72, 111.648, 0, 0, 48.072, -2.89024, 49.2247, -122.411, 50.2712, 111.65, 4.12565, -138.303
40, 0.00000, 2420.52, -2.88441, 2363.48, -122.409, 2252.04, 111.633, 0, 0, 48.1169, -2.88475, 49.2776, -122.409, 50.3086, 111.632, 4.13772, -138.509
41, 0.00000, 2420.44, -2.8869, 2362.22, -122.435, 2250.3, 111.597, 0, 0, 47.9888, -2.88691, 49.1708, -122.434, 50.1303, 111.594, 4.11262, -139.068
42, 0.00000, 2424.36, -2.8121, 2374.06, -122.138, 2247.55, 111.546, 0, 0, 48.2075, -2.81218, 49.2291, -122.139, 50.3723, 111.546, 4.45337, -141.012
43, 0.00000, 2427.3, -2.58254, 2387.14, -121.982, 2291.89, 112.602, 0, 0, 37.2561, -2.58291, 37.8826, -121.983, 39.4565, 112.602, 3.28565, -127.262
44, 0.00000, 2429.47, -2.54184, 2386.75, -121.986, 2291.4, 112.589, 0, 0, 37.0002, -2.54204, 37.6621, -121.986, 39.2294, 112.589, 3.27474, -126.434
45, 0.00000, 2433.76, -2.34569, 2393.32, -121.94, 2320.94, 113.302, 0, 0, 30.8909, -2.34569, 31.4132, -121.94, 32.3938, 113.3, 2.32463, -128.066
46, 0.00000, 2442.82, -2.12002, 2394.87, -121.943, 2332.76, 113.585, 0, 0, 29.2024, -2.12051, 29.7874, -121.943, 30.5831, 113.58, 2.05159, -125.409
47, 0.00000, 2448.4, -1.88839, 2413.15, -121.66, 2364.82, 114.375, 0, 0, 24.9214, -1.88832, 25.2856, -121.66, 25.8027, 114.373, 1.52306, -130.432
48, 0.00000, 2443.27, -1.96671, 2414.76, -121.664, 2373.86, 114.597, 0, 0, 24.8473, -1.96631, 25.1411, -121.664, 25.575, 114.593, 1.41091, -134.648
49, 0.00000, 2446.48, -1.88823, 2415.14, -121.667, 2377.17, 114.677, 0, 0, 24.6134, -1.88832, 24.9328, -121.667, 25.3314, 114.676, 1.35941, -133.471
50, 0.00000, 2447.28, -1.86495, 2415.37, -121.668, 2378.78, 114.717, 0, 0, 24.3486, -1.86607, 24.6705, -121.668, 25.0515, 114.712, 1.3288, -133.283
51, 0.00000, 2447.13, -1.85941, 2415.45, -121.676, 2381, 114.773, 0, 0, 23.9406, -1.85934, 24.2553, -121.675, 24.6082, 114.765, 1.27956, -133.634
52, 0.00000, 2447.27, -1.85604, 2414.59, -121.695, 2381.01, 114.774, 0, 0, 23.8535, -1.85624, 24.1761, -121.694, 24.5173, 114.774, 1.26138, -133.331
53, 0.00000, 2445.14, -1.99682, 2409.06, -121.725, 2354.98, 114.127, 0, 0, 28.6766, -1.99687, 29.1059, -121.725, 29.7738, 114.129, 1.84535, -129.866
54, 0.00000, 2445.8, -2.00892, 2407.33, -121.734, 2347.05, 113.935, 0, 0, 29.3367, -2.00902, 29.805, -121.734, 30.5691, 113.939, 1.99329, -128.398
55, 0.00000, 2441.47, -2.32453, 2374.31, -122.24, 2285.13, 112.43, 0, 0, 38.9844, -2.32452, 40.0871, -122.24, 41.6515, 112.43, 3.4467, -119.068
56, 0.00000, 2442.44, -2.40162, 2373.88, -122.175, 2260.25, 111.839, 0, 0, 44.3496, -2.40069, 45.6353, -122.174, 46.9796, 111.806, 4.04536, -129.247
57, 0.00000, 2430.01, -2.66366, 2364.48, -122.394, 2258.45, 111.789, 0, 0, 45.3843, -2.66271, 46.643, -122.393, 47.7899, 111.789, 3.88706, -132.14
58, 0.00000, 2423.14, -2.8251, 2362.47, -122.43, 2252.97, 111.657, 0, 0, 46.7039, -2.82445, 47.9042, -122.43, 48.908, 111.657, 3.98261, -136.909
59, 0.00000, 2423.51, -2.80368, 2363.55, -122.423, 2257.45, 111.76, 0, 0, 46.7795, -2.80448, 47.9647, -122.425, 49.1016, 111.767, 3.97518, -134.71
60, 0.00000, 0, 0, 0, 0, 0, 0, 0, 0, 0, 0, 0, 0, 0, 0, 0, 0
61, 0.00000, 0, 0, 0, 0, 0, 0, 0, 0, 0, 0, 0, 0, 0, 0, 0, 0
62, 0.00000, 0, 0, 0, 0, 0, 0, 0, 0, 0, 0, 0, 0, 0, 0, 0, 0
63, 0.00000, 0, 0, 0, 0, 0, 0, 0, 0, 0, 0, 0, 0, 0, 0, 0, 0
64, 0.00000, 0, 0, 0, 0, 0, 0, 0, 0, 0, 0, 0, 0, 0, 0, 0, 0
65, 0.00000, 0, 0, 0, 0, 0, 0, 0, 0, 0, 0, 0, 0, 0, 0, 0, 0
66, 0.00000, 0, 0, 0, 0, 0, 0, 0, 0, 0, 0, 0, 0, 0, 0, 0, 0
67, 0.00000, 0, 0, 0, 0, 0, 0, 0, 0, 0, 0, 0, 0, 0, 0, 0, 0
68, 0.00000, 0, 0, 0, 0, 0, 0, 0, 0, 0, 0, 0, 0, 0, 0, 0, 0
69, 0.00000, 0, 0, 0, 0, 0, 0, 0, 0, 0, 0, 0, 0, 0, 0, 0, 0
70, 0.00000, 0, 0, 0, 0, 0, 0, 0, 0, 0, 0, 0, 0, 0, 0, 0, 0
71, 0.00000, 0, 0, 0, 0, 0, 0, 0, 0, 0, 0, 0, 0, 0, 0, 0, 0
72, 0.00000, 0, 0, 0, 0, 0, 0, 0, 0, 0, 0, 0, 0, 0, 0, 0, 0
73, 0.00000, 0, 0, 0, 0, 0, 0, 0, 0, 0, 0, 0, 0, 0, 0, 0, 0
74, 0.00000, 0, 0, 0, 0, 0, 0, 0, 0, 0, 0, 0, 0, 0, 0, 0, 0
75, 0.00000, 0, 0, 0, 0, 0, 0, 0, 0, 0, 0, 0, 0, 0, 0, 0, 0
76, 0.00000, 0, 0, 0, 0, 0, 0, 0, 0, 0, 0, 0, 0, 0, 0, 0, 0
77, 0.00000, 0, 0, 0, 0, 0, 0, 0, 0, 0, 0, 0, 0, 0, 0, 0, 0
78, 0.00000, 0, 0, 0, 0, 0, 0, 0, 0, 0, 0, 0, 0, 0, 0, 0, 0
79, 0.00000, 0, 0, 0, 0, 0, 0, 0, 0, 0, 0, 0, 0, 0, 0, 0, 0
80, 0.00000, 0, 0, 0, 0, 0, 0, 0, 0, 0, 0, 0, 0, 0, 0, 0, 0
81, 0.00000, 0, 0, 0, 0, 0, 0, 0, 0, 0, 0, 0, 0, 0, 0, 0, 0
82, 0.00000, 0, 0, 0, 0, 0, 0, 0, 0, 0, 0, 0, 0, 0, 0, 0, 0
83, 0.00000, 0, 0, 0, 0, 0, 0, 0, 0, 0, 0, 0, 0, 0, 0, 0, 0
84, 0.00000, 0, 0, 0, 0, 0, 0, 0, 0, 0, 0, 0, 0, 0, 0, 0, 0
85, 0.00000, 0, 0, 0, 0, 0, 0, 0, 0, 0, 0, 0, 0, 0, 0, 0, 0
86, 0.00000, 0, 0, 0, 0, 0, 0, 0, 0, 0, 0, 0, 0, 0, 0, 0, 0
87, 0.00000, 0, 0, 0, 0, 0, 0, 0, 0, 0, 0, 0, 0, 0, 0, 0, 0
88, 0.00000, 0, 0, 0, 0, 0, 0, 0, 0, 0, 0, 0, 0, 0, 0, 0, 0
89, 0.00000, 5.70725E8, 160.366, 5.70734E8, 40.3647, 5.70716E8, -79.6352, 0, 0, 6.3262E6, -113.253, 6.32628E6, 126.746, 6.3261E6, 6.7458, 0.0661364, 156.845
90, 0.00000, 1.4386E12, -55.8887, 1.43862E12, -175.892, 1.43854E12, 64.109, 0, 0, 1.63435E10, 30.5276, 1.63437E10, -89.4757, 1.63428E10, 150.525, 357.467, -46.5653
91, 0.00000, 2.5223E15, 87.8677, 2.52231E15, -32.1377, 2.5221E15, -152.135, 0, 0, 2.27451E13, 174.284, 2.27452E13, 54.2786, 2.27433E13, -65.719, 766782, 115.283
92, 0.00000, 4.37159E18, -128.376, 4.37158E18, 111.617, 4.3711E18, -8.37957, 0, 0, 3.90521E16, -41.9598, 3.9052E16, -161.967, 3.90478E16, 78.0367, 1.72725E9, -79.0546
93, 0.00000, 6.31863E21, 15.3803, 6.31857E21, -104.629, 6.31771E21, 135.376, 0, 0, 4.80008E19, 101.797, 4.80004E19, -18.2126, 4.7994E19, -138.208, 2.50194E12, 89.917
94, 0.00000, 8.76741E24, 159.137, 8.76726E24, 39.1255, 8.76585E24, -80.8681, 0, 0, 6.39487E22, -114.447, 6.39476E22, 125.542, 6.39375E22, 5.54822, 3.61702E15, -97.0337
95, 0.00000, 1.08156E28, -57.107, 1.08154E28, -177.12, 1.08134E28, 62.8877, 0, 0, 6.94081E25, 29.3093, 6.94063E25, -90.7037, 6.93936E25, 149.304, 4.04229E18, 81.7781
96, 0.00000, 1.33515E31, 86.6494, 1.3351E31, -33.3656, 1.33482E31, -153.356, 0, 0, 8.57496E28, 173.066, 8.57468E28, 53.0507, 8.57289E28, -66.9402, 5.19221E21, -91.9966
97, 0.00000, 1.62583E34, -129.594, 1.62576E34, 110.389, 1.62538E34, -9.60069, 0, 0, 1.02757E32, -43.178, 1.02752E32, -163.195, 1.02728E32, 76.8156, 7.20995E24, 99.5057
98, 0.00000, 1.97395E37, 14.1621, 1.97385E37, -105.857, 1.97333E37, 134.155, 0, 0, 1.24321E35, 100.578, 1.24315E35, -19.4404, 1.24282E35, -139.429, 1.14786E28, -70.6758
99, 0.00000, 2.19124E22, 157.577, 2.1892E22, 37.6095, 2.19131E22, -82.361, 0, 0, 2.19573E21, -115.982, 2.19383E21, 124.047, 2.19574E21, 4.07512, 8.52139E15, 107.628
100, 0.00000, 90.841, 119.085, 90.0767, -0.811055, 91.395, -120.775, 0, 0, 5.34657, 25.5002, 5.29651, -94.4345, 5.38066, 145.58, 0.0664254, -70.2766
101, 0.00000, 1.03815, 39.7376, 1.03109, -80.0696, 1.04404, 160.001, 0, 0, 0.0590465, -53.8165, 0.0586191, -173.651, 0.0593904, 66.4122, 0.000464698, -141.814
102, 0.00000, 0.075666, -133.138, 0.0751989, 107.093, 0.076079, -12.8253, 0, 0, 0.00365982, 133.298, 0.00363619, 13.5111, 0.0036802, -106.411, 0.0000222111, 50.4941
103, 0.00000, 0.000982549, 147.562, 0.000977082, 27.8379, 0.000987609, -92.0738, 0, 0, 0.0000727558, 53.994, 0.0000723386, -65.7439, 0.000073138, 174.343, 3.13901E-7, -21.0435
104, 0.00000, 0.0000421596, -25.297, 0.0000419359, -144.999, 0.0000423694, 95.0906, 0, 0, 4.01212E-6, -118.868, 3.99035E-6, 121.42, 4.03243E-6, 1.5086, 1.39879E-8, 171.265
105, 0.00000, 1.42339E-7, -104.566, 1.41619E-7, 135.749, 1.43033E-7, 15.8412, 0, 0, 1.90576E-8, 161.857, 1.89599E-8, 42.166, 1.91513E-8, -77.7423, 5.35222E-11, 99.7272
106, 0.00000, 6.57835E-10, 176.18, 6.54647E-10, 56.4963, 6.61091E-10, -63.4021, 0, 0, 8.15648E-11, 82.5981, 8.1164E-11, -37.0863, 8.19668E-11, -156.988, 2.14656E-13, 28.1896
107, 0.00000, 1.79354E-11, 3.34367, 1.78509E-11, -116.338, 1.80248E-11, 123.769, 0, 0, 2.26682E-12, -90.2381, 2.25598E-12, 150.079, 2.27808E-12, 30.1834, 5.92067E-15, -139.502
108, 0.00000, 8.01777E-14, -75.9113, 7.9815E-14, 164.411, 8.05793E-14, 44.525, 0, 0, 1.01E-14, -169.493, 1.00537E-14, 70.8278, 1.01506E-14, -49.0603, 2.60821E-17, 148.96
109, 0.00000, 2.07581E-15, 111.249, 2.0666E-15, -8.42132, 2.08605E-15, -128.307, 0, 0, 2.56964E-16, 17.6688, 2.55813E-16, -102.005, 2.58242E-16, 138.109, 6.40343E-19, -18.7316
110, 0.00000, 7.1596E-18, -61.5881, 7.12861E-18, 178.746, 7.19487E-18, 58.8628, 0, 0, 2.4776E-18, -155.17, 2.46675E-18, 85.1621, 2.48982E-18, -34.7222, 5.95784E-21, 173.577
111, 0.00000, 8.37805E-20, 125.575, 8.3426E-20, 5.91287, 8.41915E-20, -113.967, 0, 0, 1.57493E-20, -148.007, 1.56819E-20, 92.3292, 1.58267E-20, -27.5522, 3.75854E-23, -174.115
112, 0.00000, 1.04421E-21, -47.262, 1.03989E-21, -166.919, 1.0493E-21, 73.2023, 0, 0, 1.89788E-22, 39.1565, 1.88994E-22, -80.5034, 1.90717E-22, 159.618, 4.49495E-25, 18.1931
113, 0.00000, 3.60611E-23, 139.901, 3.59148E-23, 20.2485, 3.62354E-23, -99.6284, 0, 0, 3.84246E-24, -133.681, 3.82672E-24, 106.664, 3.86112E-24, -13.213, 9.03151E-27, -149.499
114, 0.00000, 1.14852E-24, -32.9347, 1.14426E-24, -152.596, 1.15443E-24, 87.5523, 0, 0, 1.27041E-25, 53.4868, 1.26547E-25, -66.1703, 1.27673E-25, 173.965, 3.37725E-28, 42.8095
115, 0.00000, 7.46163E-27, 67.794, 7.44039E-27, -51.8804, 7.50528E-27, -171.677, 0, 0, 5.95896E-28, 154.219, 5.94001E-28, 34.5489, 5.99227E-28, -85.2685, 2.38487E-30, 151.272
116, 0.00000, 2.56651E-28, -105.06, 2.5614E-28, 135.258, 2.58306E-28, 15.5124, 0, 0, 2.04517E-29, -18.6321, 2.04015E-29, -138.311, 2.05772E-29, 101.917, 1.08642E-31, -16.4199
117, 0.00000, 1.2624E-30, -4.35811, 1.2625E-30, -124.048, 1.27213E-30, 116.32, 0, 0, 9.11063E-32, 82.0776, 9.10401E-32, -37.6111, 9.17666E-32, -157.286, 7.59473E-34, 92.0425
118, 0.00000, 5.70086E-33, 96.3086, 5.72103E-33, -23.3693, 5.75437E-33, -142.828, 0, 0, 4.034E-34, -177.242, 4.04287E-34, 63.0725, 4.06944E-34, -56.4516, 5.38932E-36, -159.495
119, 0.00000, 1.96689E-35, -163.098, 1.98595E-35, 77.2853, 1.98996E-35, -41.892, 0, 0, 1.30137E-36, -76.6186, 1.31085E-36, 163.735, 1.31555E-36, 44.4514, 2.87927E-38, -51.0327
120, 0.00000, 4.41102E-37, 23.8972, 4.48127E-37, -95.6173, 4.47049E-37, 145.468, 0, 0, 2.94552E-38, 110.408, 2.98249E-38, -9.16592, 2.98263E-38, -128.22, 9.22615E-40, 141.276
121, 0.00000, 3.00658E-39, -149.404, 3.10586E-39, 91.3541, 3.06224E-39, -26.8449, 0, 0, 3.57578E-40, -62.7076, 3.6589E-40, 177.881, 3.63226E-40, 59.2799, 1.80067E-41, -26.4162
122, 0.00000, 1.92118E-41, 36.827, 2.04548E-41, -81.7295, 1.96981E-41, 161.295, 0, 0, 2.35979E-42, 123.787, 2.46909E-42, 4.81463, 2.41163E-42, -112.85, 2.18603E-43, 165.892
123, 0.00000, 1.02295E-43, -134.994, 1.03696E-43, 105.907, 1.02295E-43, -13.0745, 0, 0, 1.4013E-44, 131.097, 1.4013E-44, 12.2097, 1.4013E-44, -106.036, 1.4013E-45, 178.2
124, 0.00000, 2.8026E-45, 52.3064, 2.8026E-45, -66.8617, 2.8026E-45, 173.768, 0, 0, 0, -41.3444, 0, -160.475, 0, 80.3254, 0, 10.5086
125, 0.00000, 0, -120.446, 0, 120.337, 0, 0.754624, 0, 0, 0, 145.933, 0, 26.7406, 0, -92.7464, 0, -157.183
126, 0.00000, 0, 66.7711, 0, -52.4818, 0, -172.191, 0, 0, 0, -26.8363, 0, -146.071, 0, 94.2778, 0, 35.1251
127, 0.00000, 0, -12.4231, 0, -131.732, 0, 108.436, 0, 0, 0, -106.023, 0, 134.687, 0, 14.8889, 0, -36.4126
128, 0.00000, 6.74485E8, 160.935, 6.74486E8, 40.9333, 6.74466E8, -79.0658, 0, 0, 6.80086E6, -112.697, 6.80087E6, 127.302, 6.80068E6, 7.30233, 0.0774101, 145.051
129, 0.00000, 1.69907E12, -55.3265, 1.69909E12, -175.33, 1.69899E12, 64.6712, 0, 0, 1.73513E10, 31.09, 1.73515E10, -88.9134, 1.73505E10, 151.088, 383.382, -46.9765
130, 0.00000, 4.71525E15, 88.4256, 4.71537E15, -31.5795, 4.71495E15, -151.578, 0, 0, 4.89718E13, 174.842, 4.8973E13, 54.8371, 4.89687E13, -65.1616, 1.44851E6, 119.68
131, 0.00000, 1.31386E19, -127.822, 1.31391E19, 112.171, 1.31375E19, -7.82779, 0, 0, 1.36838E17, -41.4059, 1.36843E17, -161.412, 1.36827E17, 78.5888, 4.58827E9, -75.5094
132, 0.00000, 3.67552E22, 15.9295, 3.67573E22, -104.079, 3.67517E22, 135.923, 0, 0, 3.83558E20, 102.346, 3.8358E20, -17.662, 3.83522E20, -137.661, 1.29046E13, 88.3169
133, 0.00000, 9.54368E25, 159.682, 9.54434E25, 39.6725, 9.5426E25, -80.326, 0, 0, 9.69587E23, -113.901, 9.69653E23, 126.089, 9.69479E23, 6.09055, 2.96047E16, -108.199
134, 0.00000, 2.68065E29, -56.566, 2.68088E29, -176.577, 2.68031E29, 63.4242, 0, 0, 2.78537E27, 29.8506, 2.7856E27, -90.1606, 2.78502E27, 149.841, 6.56859E19, 54.2154
135, 0.00000, 7.54398E32, 87.1858, 7.54475E32, -32.827, 7.54291E32, -152.826, 0, 0, 7.85087E30, 173.602, 7.85166E30, 53.5897, 7.84976E30, -66.4089, 1.12714E23, -145.542
136, 0.00000, 2.12072E36, -129.062, 2.12096E36, 110.923, 2.12038E36, -9.07531, 0, 0, 2.20956E34, -42.6458, 2.20982E34, -162.66, 2.20921E34, 77.3413, 9.33018E25, -0.178192
137, 0.00000, +Inf, 14.6896, +Inf, -105.326, +Inf, 134.675, 0, 0, 6.26009E37, 101.106, 6.26091E37, -18.9096, 6.25901E37, -138.908, 4.22394E29, 20.8255
138, 0.00000, 4.45492E32, 158.436, 4.45496E32, 38.421, 4.4539E32, -81.5717, 0, 0, 2.38733E31, -115.147, 2.38737E31, 124.838, 2.38679E31, 4.84487, 8.78141E23, 131.036
139, 0.00000, 6.06313E24, -57.8293, 6.06217E24, -177.842, 6.06145E24, 62.172, 0, 0, 2.75208E23, 28.5884, 2.75167E23, -91.4248, 2.75133E23, 148.589, 4.51408E16, -64.4109
140, 0.00000, 7.07038E16, 85.9036, 7.06805E16, -34.1068, 7.0681E16, -154.085, 0, 0, 3.21696E15, 172.321, 3.21594E15, 52.3109, 3.21594E15, -67.6681, 2.09333E9, 113.193
141, 0.00000, 2.89111E8, -130.369, 2.88962E8, 109.624, 2.89007E8, -10.3465, 0, 0, 1.17141E7, -43.9506, 1.17082E7, -163.958, 1.17099E7, 76.071, 32.9138, -65.4194
142, 0.00000, 0.318198, 99.7699, 0.317386, -20.2413, 0.317806, -140.227, 0, 0, 0.0236235, -173.811, 0.0235681, 66.1807, 0.0235951, -53.7993, 0.0000416321, 39.5142
143, 0.00000, 0.000699656, -159.488, 0.00069715, 80.4837, 0.000698727, -39.534, 0, 0, 0.000054151, -73.0698, 0.0000539788, 166.91, 0.0000540804, 46.9043, 1.67158E-7, 147.976
144, 0.00000, 0.0000120482, 27.6843, 0.0000119929, -92.37, 0.0000120323, 147.583, 0, 0, 9.25391E-7, 114.096, 9.21646E-7, -5.94283, 9.24154E-7, -125.974, 4.23566E-9, -19.7154
145, 0.00000, 8.95322E-8, -145.128, 8.89154E-8, 94.7523, 8.94212E-8, -25.363, 0, 0, 1.03126E-8, -58.7203, 1.02549E-8, -178.802, 1.0299E-8, 61.1206, 7.64832E-11, 172.593
146, 0.00000, 1.44229E-10, 42.122, 1.41811E-10, -78.3001, 1.44155E-10, 161.291, 0, 0, 3.60228E-11, 128.503, 3.5641E-11, 8.27537, 3.59818E-11, -111.954, 6.10656E-13, 4.90099
147, 0.00000, 3.20536E-13, -130.161, 3.08244E-13, 108.51, 3.21679E-13, -12.4558, 0, 0, 6.84315E-14, -44.1294, 6.67014E-14, -164.88, 6.84886E-14, 74.4805, 3.194E-15, -162.791
148, 0.00000, 3.61525E-16, 55.6204, 3.60373E-16, -64.3063, 3.61682E-16, 175.752, 0, 0, 1.07506E-16, -37.5184, 1.06744E-16, -157.664, 1.07566E-16, 82.2846, 1.12126E-18, -150.482
149, 0.00000, 3.99442E-19, -117.828, 3.98207E-19, 122.359, 3.99961E-19, 2.41783, 0, 0, 1.26211E-19, 148.889, 1.25847E-19, 29.0303, 1.26314E-19, -90.9046, 2.19018E-23, 41.8311
150, 0.00000, 4.56656E-22, 68.758, 4.55011E-22, -50.9715, 4.57698E-22, -170.929, 0, 0, 1.41407E-22, -24.5374, 1.40934E-22, -144.308, 1.41661E-22, 95.7428, 4.04534E-28, -125.541
151, 0.00000, 5.27367E-27, 168.818, 5.24781E-27, 49.1904, 5.29043E-27, -70.754, 0, 0, 2.75846E-27, -104.216, 2.74732E-27, 136.077, 2.76512E-27, 16.1302, 5.58286E-33, 163.042
152, 0.00000, 7.81603E-30, -4.64028, 7.76985E-30, -124.177, 7.84766E-30, 115.882, 0, 0, 2.82784E-30, 82.0261, 2.81231E-30, -37.547, 2.83831E-30, -157.49, 2.41078E-35, -4.99342
153, 0.00000, 3.85617E-34, 95.2555, 3.82794E-34, -24.1588, 3.87652E-34, -144.093, 0, 0, 1.45163E-34, -178.036, 1.44171E-34, 62.5083, 1.45867E-34, -57.4284, 8.59389E-39, 103.381
154, 0.00000, 3.90955E-37, -164.119, 3.87996E-37, 76.4817, 3.93104E-37, -43.4481, 0, 0, 6.06091E-38, -77.6824, 6.01536E-38, 162.917, 6.09394E-38, 42.9849, 1.11641E-41, -148.166
155, 0.00000, 6.23337E-40, -63.4119, 6.18549E-40, 177.189, 6.2686E-40, 57.2662, 0, 0, 8.36169E-41, 23.0178, 8.29765E-41, -96.3809, 8.40835E-41, 143.694, 2.94273E-44, -39.7062
156, 0.00000, 1.02015E-42, 37.3008, 1.01314E-42, -82.1041, 1.02715E-42, 157.985, 0, 0, 1.35926E-43, 123.73, 1.34525E-43, 4.32736, 1.35926E-43, -115.588, 0, 68.7552
157, 0.00000, 1.12104E-44, -135.581, 9.80909E-45, 105.002, 1.12104E-44, -14.8892, 0, 0, 1.4013E-45, -49.1332, 1.4013E-45, -168.544, 1.4013E-45, 71.5539, 0, -98.9369
158, 0.00000, 0, 51.5308, 0, -67.9111, 0, 172.231, 0, 0, 0, 137.974, 0, 18.5467, 0, -101.33, 0, 93.3711
159, 0.00000, 0, -121.324, 0, 119.205, 0, -0.614523, 0, 0, 0, -34.9018, 0, -154.356, 0, 85.8033, 0, -74.3207
160, 0.00000, 0, 65.8313, 0, -53.6864, 0, -173.444, 0, 0, 0, 152.254, 0, 32.7615, 0, -87.0304, 0, 117.987
161, 0.00000, 0, -107.014, 0, 133.397, 0, 13.7392, 0, 0, 0, -20.5909, 0, -140.141, 0, 100.145, 0, -49.7043
162, 0.00000, 0, 80.1422, 0, -39.5375, 0, -159.053, 0, 0, 0, 166.563, 0, 46.9324, 0, -72.6614, 0, 142.604
163, 0.00000, 0, -179.127, 0, 61.0724, 0, -58.1975, 0, 0, 0, -92.7031, 0, 147.54, 0, 28.1759, 0, -108.934
164, 0.00000, 0, -78.4229, 0, 161.634, 0, 42.7405, 0, 0, 0, 8.01393, 0, -111.88, 0, 129.083, 0, -0.471285
165, 0.00000, 0, 108.68, 0, -11.3816, 0, -129.886, 0, 0, 0, -164.866, 0, 75.1313, 0, -43.5816, 0, -168.163
166, 0.00000, 0, -150.766, 0, 89.013, 0, -28.6501, 0, 0, 0, -64.2667, 0, 175.56, 0, 57.576, 0, -59.7006
167, 0.00000, 0, 36.1352, 0, -84.1751, 0, 159.077, 0, 0, 0, 122.703, 0, 2.42895, 0, -114.813, 0, 132.608
168, 0.00000, 0, -137.152, 0, 102.558, 0, -12.9415, 0, 0, 0, -50.479, 0, -170.799, 0, 73.0297, 0, -35.0841
169, 0.00000, 0, 48.9129, 0, -71.1927, 0, 176.071, 0, 0, 0, 135.984, 0, 15.7214, 0, -98.5539, 0, 157.224
170, 0.00000, 0, -125.615, 0, 115.223, 0, 5.48409, 0, 0, 0, -38.2364, 0, -157.98, 0, 90.6617, 0, -10.4676
171, 0.00000, 0, 57.8393, 0, -58.702, 0, -163.05, 0, 0, 0, 146.433, 0, 28.2681, 0, -79.0445, 0, -178.159
172, 0.00000, 0, -122.235, 0, 127.52, 0, 30.8962, 0, 0, 0, -31.5779, 0, -145.622, 0, 113.518, 0, 14.1489
173, 0.00000, 0, 50.7837, 0, -45.8096, 0, -131.157, 0, 0, 0, 145.414, 0, 40.7771, 0, -50.7483, 0, -153.543
174, 0.00000, 0, -145.867, 0, 141.679, 0, 72.5108, 0, 0, 0, -46.482, 0, -132.191, 0, 149.897, 0, 38.7654
175, 0.00000, 0, -75.9354, 0, -114.844, 0, -156.398, 0, 0, 0, 18.8033, 0, -29.6148, 0, -80.5394, 0, 147.228
176, 0.00000, 0, 97.2483, 0, 75.5063, 0, 54.1036, 0, 0, 0, -170.938, 0, 160.164, 0, 129.816, 0, -20.464
177, 0.00000, 0, -166.956, 0, -176.991, 0, 176.281, 0, 0, 0, -80.1376, 0, -93.0122, 0, -103.058, 0, 87.9984
178, 0.00000, 0, 21.4924, 0, 15.3593, 0, 12.4939, 0, 0, 0, 106.987, 0, 99.147, 0, 94.7172, 0, -79.6933
179, 0.00000, 0, 127.25, 0, 124.108, 0, 123.406, 0, 0, 0, -148.222, 0, -152.156, 0, -153.327, 0, 28.7691
180, 0.00000, 2505.62, -0.857643, 2467.06, -120.065, 2403.34, 115.255, 0, 0, 28.998, -0.857662, 29.4511, -120.064, 30.2321, 115.255, 1.9535, -133.396
181, 0.00000, 2442.86, -2.41626, 2411.95, -121.566, 2333.42, 113.617, 0, 0, 29.6822, -2.41613, 30.0625, -121.566, 31.0725, 113.619, 2.17527, -132.498
182, 0.00000, 2442.71, -2.41882, 2412.63, -121.55, 2332.88, 113.606, 0, 0, 29.4148, -2.41864, 29.7818, -121.55, 30.7988, 113.607, 2.17417, -132.602
183, 0.00000, 2443.58, -2.4062, 2410.72, -121.587, 2330.73, 113.557, 0, 0, 29.4028, -2.4062, 29.8034, -121.587, 30.8259, 113.557, 2.18231, -131.5
184, 0.00000, 2443.8, -2.39977, 2411.9, -121.564, 2331.14, 113.568, 0, 0, 29.388, -2.39998, 29.7769, -121.563, 30.8088, 113.567, 2.19173, -131.69
185, 0.00000, 2443.82, -2.37984, 2411.67, -121.589, 2335.85, 113.686, 0, 0, 28.4736, -2.37991, 28.8532, -121.589, 29.7906, 113.685, 2.04588, -131.976
186, 0.00000, 2447.79, -2.28157, 2412.09, -121.601, 2341.33, 113.82, 0, 0, 26.9275, -2.2818, 27.326, -121.601, 28.1528, 113.818, 1.86261, -130.854
187, 0.00000, 2448, -2.27838, 2411.2, -121.621, 2341.71, 113.825, 0, 0, 25.3849, -2.27869, 25.7718, -121.622, 26.5371, 113.825, 1.74023, -130.617
188, 0.00000, 2450.27, -2.22732, 2412.17, -121.604, 2344.57, 113.89, 0, 0, 25.0909, -2.22743, 25.4871, -121.604, 26.2224, 113.889, 1.69558, -130.284
189, 0.00000, 2452.69, -2.16149, 2413.52, -121.588, 2349.98, 114.02, 0, 0, 24.0187, -2.16162, 24.4085, -121.588, 25.0692, 114.019, 1.57024, -130.142
190, 0.00000, 2456, -2.08815, 2414.39, -121.574, 2353.01, 114.089, 0, 0, 24.0056, -2.08827, 24.4194, -121.574, 25.0567, 114.088, 1.54408, -129.252
191, 0.00000, 2462.99, -1.89051, 2416.83, -121.578, 2368.74, 114.472, 0, 0, 22.8529, -1.89076, 23.2896, -121.578, 23.764, 114.468, 1.30903, -127.774
192, 0.00000, 2458.12, -1.95509, 2418.24, -121.597, 2379.99, 114.748, 0, 0, 22.9317, -1.9551, 23.31, -121.596, 23.6858, 114.746, 1.1786, -132.142
193, 0.00000, 2460.86, -1.88489, 2418.09, -121.616, 2384.1, 114.848, 0, 0, 23.056, -1.88495, 23.4638, -121.616, 23.7987, 114.847, 1.13348, -130.956
194, 0.00000, 2462.38, -1.84724, 2417.89, -121.628, 2385.56, 114.884, 0, 0, 23.043, -1.84837, 23.4664, -121.628, 23.7858, 114.882, 1.1152, -130.033
195, 0.00000, 2462.78, -1.83517, 2417.69, -121.638, 2386.4, 114.906, 0, 0, 23.1247, -1.83569, 23.5558, -121.638, 23.8655, 114.904, 1.10607, -129.724
196, 0.00000, 2463.09, -1.8303, 2417.41, -121.643, 2385.87, 114.892, 0, 0, 23.2617, -1.83055, 23.701, -121.643, 24.014, 114.893, 1.11542, -129.356
197, 0.00000, 2462.86, -1.92585, 2412.65, -121.66, 2360.99, 114.272, 0, 0, 27.9696, -1.92582, 28.5516, -121.66, 29.1759, 114.273, 1.66814, -125.728
198, 0.00000, 2463.2, -1.92924, 2411.36, -121.675, 2357.24, 114.183, 0, 0, 27.964, -1.9292, 28.5651, -121.675, 29.2204, 114.184, 1.71155, -124.851
199, 0.00000, 2458.69, -2.26275, 2385.97, -122.002, 2291.71, 112.586, 0, 0, 37.9512, -2.26253, 39.1084, -122.001, 40.7166, 112.583, 3.32045, -118.029
200, 0.00000, 2458.62, -2.36809, 2380.61, -122.034, 2264.46, 111.934, 0, 0, 43.3183, -2.36799, 44.7377, -122.034, 46.2874, 111.934, 3.93557, -125.061
201, 0.00000, 2444.49, -2.66708, 2367.39, -122.331, 2260.89, 111.845, 0, 0, 44.4785, -2.66654, 45.9282, -122.331, 47.1706, 111.845, 3.71553, -128.545
202, 0.00000, 2435.73, -2.86793, 2363.69, -122.4, 2253.5, 111.669, 0, 0, 45.7401, -2.86776, 47.1347, -122.4, 48.1582, 111.671, 3.7562, -134.729
203, 0.00000, 2434.44, -2.88696, 2362.83, -122.428, 2254.57, 111.696, 0, 0, 45.99, -2.88735, 47.3834, -122.429, 48.4235, 111.7, 3.74666, -134.308
204, 0.00000, 2429.43, -2.9907, 2360.58, -122.471, 2251.05, 111.618, 0, 0, 46.0807, -2.99046, 47.4253, -122.471, 48.334, 111.619, 3.72825, -137.503
205, 0.00000, 2430.74, -2.94382, 2362.37, -122.441, 2255.37, 111.723, 0, 0, 44.5986, -2.944, 45.8857, -122.441, 46.9012, 111.741, 3.60786, -135.035
206, 0.00000, 2428.85, -3.00861, 2357.54, -122.529, 2247, 111.529, 0, 0, 45.9248, -3.00886, 47.3138, -122.529, 48.0607, 111.531, 3.67671, -139.15
207, 0.00000, 2428.77, -3.01915, 2356.34, -122.541, 2258.39, 111.469, 0, 0, 46.1039, -3.01918, 47.5209, -122.541, 48.5204, 111.469, 3.80768, -135.578
208, 0.00000, 2429.52, -3.00778, 2357.42, -122.517, 2258.4, 111.468, 0, 0, 46.6045, -3.00923, 48.0292, -122.519, 49.061, 111.468, 3.87334, -135.566
209, 0.00000, 2430.52, -2.98848, 2357.48, -122.517, 2258.03, 111.46, 0, 0, 46.6097, -2.99056, 48.0518, -122.517, 49.0773, 111.46, 3.87873, -135.385
210, 0.00000, 2435.54, -2.88618, 2373.82, -122.125, 2258.74, 111.488, 0, 0, 46.6624, -2.88646, 47.8758, -122.126, 49.2533, 111.488, 4.27039, -136.586
211, 0.00000, 2438.58, -2.6488, 2388.49, -121.947, 2306.76, 112.621, 0, 0, 35.9431, -2.64884, 36.6969, -121.947, 37.9981, 112.619, 2.94713, -129.456
212, 0.00000, 2440.78, -2.61802, 2388.71, -121.928, 2304.43, 112.562, 0, 0, 36.2857, -2.61833, 37.0763, -121.928, 38.4314, 112.563, 3.02958, -128.679
213, 0.00000, 2444.71, -2.44339, 2396.05, -121.854, 2331.37, 113.206, 0, 0, 30.8516, -2.44338, 31.4783, -121.854, 32.3527, 113.204, 2.2303, -131.02
214, 0.00000, 2455.37, -2.20299, 2397.5, -121.846, 2339.91, 113.407, 0, 0, 29.7684, -2.20436, 30.4873, -121.846, 31.2396, 113.402, 2.05321, -127.596
215, 0.00000, 2461.66, -1.96531, 2412.73, -121.623, 2370.72, 114.155, 0, 0, 25.8691, -1.96519, 26.394, -121.623, 26.862, 114.153, 1.53825, -131.718
216, 0.00000, 2456.78, -2.03519, 2414.58, -121.623, 2380.49, 114.392, 0, 0, 25.9154, -2.03445, 26.3689, -121.623, 26.7475, 114.386, 1.42668, -136.197
217, 0.00000, 2458.84, -1.97286, 2416.02, -121.615, 2371.64, 114.537, 0, 0, 25.0443, -1.9729, 25.4876, -121.615, 25.9629, 114.541, 1.37352, -130.114
218, 0.00000, 2459.86, -1.93986, 2416.55, -121.615, 2374.86, 114.616, 0, 0, 24.6053, -1.93989, 25.0464, -121.615, 25.4864, 114.616, 1.31597, -129.994
219, 0.00000, 2459.7, -1.93295, 2416.99, -121.617, 2377.78, 114.689, 0, 0, 24.3054, -1.93294, 24.7349, -121.617, 25.1431, 114.688, 1.26544, -130.549
220, 0.00000, 2459.63, -1.93134, 2417.15, -121.617, 2378.66, 114.711, 0, 0, 24.1774, -1.93133, 24.6025, -121.617, 25.0014, 114.709, 1.24949, -130.741
221, 0.00000, 2456.81, -2.08613, 2412.34, -121.63, 2352.34, 114.058, 0, 0, 29.1702, -2.08613, 29.7078, -121.63, 30.4649, 114.059, 1.86059, -128.218
222, 0.00000, 2457.29, -2.09744, 2410.6, -121.645, 2345.68, 113.897, 0, 0, 29.6833, -2.09742, 30.2579, -121.645, 31.094, 113.899, 1.98087, -126.964
223, 0.00000, 2452.05, -2.44179, 2389.73, -121.88, 2280.55, 112.322, 0, 0, 39.5384, -2.4408, 40.5714, -121.879, 42.4686, 112.31, 3.70983, -121.777
224, 0.00000, 2452.17, -2.54179, 2381.69, -121.973, 2253.39, 111.675, 0, 0, 44.7892, -2.5423, 46.1141, -121.973, 47.4697, 111.68, 4.10167, -132.866
225, 0.00000, 2439.4, -2.8084, 2364.03, -122.366, 2248.8, 111.564, 0, 0, 45.9131, -2.80742, 47.3779, -122.365, 48.3031, 111.565, 3.81673, -135.917
226, 0.00000, 2430.88, -3.01011, 2359.02, -122.452, 2253.23, 111.34, 0, 0, 47.6313, -3.01014, 49.0823, -122.452, 50.0441, 111.34, 4.04492, -138.241
227, 0.00000, 2429.95, -3.0335, 2357, -122.499, 2250.52, 111.281, 0, 0, 48.7595, -3.03266, 50.2683, -122.497, 51.1418, 111.279, 4.11524, -139.4
228, 0.00000, 2427.56, -3.09726, 2354.84, -122.532, 2244.8, 111.151, 0, 0, 49.7883, -3.09678, 51.3263, -122.532, 52.0226, 111.152, 4.20722, -142.602
229, 0.00000, 2429.59, -3.03184, 2359, -122.457, 2252.32, 111.326, 0, 0, 48.4911, -3.03216, 49.942, -122.457, 50.8977, 111.326, 4.12389, -138.978
230, 0.00000, 2427.96, -3.08453, 2355.31, -122.526, 2246.8, 111.196, 0, 0, 49.6131, -3.08212, 51.1438, -122.521, 51.9002, 111.191, 4.18916, -141.648
231, 0.00000, 2428.75, -3.07188, 2355.59, -122.518, 2246.16, 111.181, 0, 0, 49.7314, -3.07335, 51.2745, -122.518, 52.0213, 111.181, 4.20453, -141.716
232, 0.00000, 2429.82, -3.05059, 2355.99, -122.511, 2246.74, 111.194, 0, 0, 49.8095, -3.05272, 51.3683, -122.511, 52.1406, 111.194, 4.21209, -141.136
233, 0.00000, 2429.94, -3.05424, 2355.01, -122.528, 2244.21, 111.138, 0, 0, 50.0696, -3.05456, 51.6618, -122.526, 52.3511, 111.135, 4.23786, -142.104
234, 0.00000, 2434.61, -2.96604, 2370.23, -122.155, 2241.93, 111.099, 0, 0, 50.3248, -2.96624, 51.692, -122.156, 52.6603, 111.099, 4.68915, -143.899
235, 0.00000, 2438.27, -2.7173, 2385.21, -121.963, 2289.12, 112.205, 0, 0, 38.9481, -2.71806, 39.8141, -121.963, 41.4851, 112.205, 3.51734, -127.679
236, 0.00000, 2441.22, -2.65245, 2386.21, -121.943, 2291.78, 112.265, 0, 0, 38.1429, -2.65291, 39.0219, -121.943, 40.6299, 112.265, 3.41506, -127.143
237, 0.00000, 2444.81, -2.45373, 2394.89, -121.867, 2326.78, 113.1, 0, 0, 31.1543, -2.45369, 31.8042, -121.866, 32.7365, 113.097, 2.31406, -130.183
238, 0.00000, 2455.62, -2.1846, 2397.9, -121.849, 2342.64, 113.476, 0, 0, 28.8722, -2.1846, 29.5673, -121.849, 30.2652, 113.475, 1.95106, -127.688
239, 0.00000, 2461.5, -1.94515, 2413.73, -121.623, 2376.71, 114.304, 0, 0, 24.5061, -1.94498, 24.9914, -121.623, 25.3808, 114.302, 1.38866, -132.769
240, 0.00000, 2456.89, -2.01765, 2415.62, -121.618, 2369.57, 114.489, 0, 0, 24.7321, -2.01769, 25.1542, -121.618, 25.6412, 114.494, 1.3766, -130.767
241, 0.00000, 2459.01, -1.95738, 2416.59, -121.614, 2374.84, 114.617, 0, 0, 24.4377, -1.95746, 24.8668, -121.614, 25.3046, 114.615, 1.30683, -130.498
242, 0.00000, 2460.2, -1.92173, 2417.08, -121.615, 2377.97, 114.694, 0, 0, 24.1592, -1.92177, 24.5902, -121.615, 24.995, 114.693, 1.25708, -130.32
243, 0.00000, 2460.08, -1.91394, 2417.49, -121.618, 2380.86, 114.766, 0, 0, 23.9065, -1.91394, 24.3277, -121.618, 24.7023, 114.765, 1.21019, -130.848
244, 0.00000, 2460.1, -1.90683, 2417.79, -121.618, 2382.7, 114.812, 0, 0, 23.6396, -1.90699, 24.0536, -121.618, 24.4095, 114.807, 1.17809, -131.133
245, 0.00000, 2459.7, -1.99911, 2413.48, -121.632, 2359.65, 114.238, 0, 0, 28.0701, -1.99911, 28.6076, -121.632, 29.2598, 114.239, 1.69723, -127.661
246, 0.00000, 2460.19, -2.0066, 2411.89, -121.647, 2353.98, 114.101, 0, 0, 28.4345, -2.0066, 29.0036, -121.647, 29.7161, 114.103, 1.78957, -126.473
247, 0.00000, 2455.5, -2.34649, 2390.34, -121.889, 2287.48, 112.485, 0, 0, 38.4304, -2.34646, 39.4782, -121.889, 41.2533, 112.484, 3.50212, -120.292
248, 0.00000, 2454.91, -2.46222, 2382.61, -121.974, 2260.18, 111.833, 0, 0, 43.8089, -2.46259, 45.138, -121.974, 46.6388, 111.837, 4.00928, -128.913
249, 0.00000, 2441.28, -2.74876, 2366.24, -122.34, 2256.15, 111.733, 0, 0, 45.3034, -2.74776, 46.7412, -122.34, 47.8717, 111.734, 3.77206, -131.943
250, 0.00000, 2433.85, -2.93833, 2361.99, -122.403, 2259.74, 111.484, 0, 0, 47.7003, -2.93836, 49.1516, -122.403, 50.3388, 111.484, 4.07272, -134.648
251, 0.00000, 2433.48, -2.95531, 2361.59, -122.411, 2257.83, 111.439, 0, 0, 49.32, -2.95518, 50.8215, -122.411, 51.991, 111.437, 4.21458, -135.639
252, 0.00000, 2430.38, -3.02532, 2360.49, -122.427, 2254.41, 111.361, 0, 0, 49.7577, -3.02475, 51.2317, -122.427, 52.2987, 111.361, 4.25182, -138.151
253, 0.00000, 2432, -2.98184, 2361.45, -122.406, 2255.69, 111.397, 0, 0, 48.5527, -2.9841, 50.0013, -122.408, 51.0955, 111.399, 4.15937, -137.096
254, 0.00000, 2429.86, -3.05975, 2354.51, -122.532, 2243.59, 111.122, 0, 0, 50.013, -3.05941, 51.6137, -122.532, 52.2755, 111.122, 4.22606, -142.393
255, 0.00000, 2429.43, -3.07307, 2352.96, -122.561, 2240.76, 111.06, 0, 0, 50.0486, -3.07236, 51.6751, -122.559, 52.23, 111.057, 4.2244, -143.611
256, 0.00000, 2429.24, -3.07335, 2352.46, -122.576, 2241.29, 111.073, 0, 0, 49.9453, -3.07326, 51.5751, -122.575, 52.1321, 111.074, 4.19167, -143.281
257, 0.00000, 2429.65, -3.06725, 2352.51, -122.574, 2240.52, 111.057, 0, 0, 50.1092, -3.06805, 51.7515, -122.574, 52.2902, 111.056, 4.21432, -143.509
258, 0.00000, 2434.51, -2.96871, 2369.56, -122.168, 2241.4, 111.088, 0, 0, 50.2649, -2.96894, 51.643, -122.169, 52.5817, 111.088, 4.6722, -144.063
259, 0.00000, 2437.97, -2.72305, 2384.87, -121.969, 2288.74, 112.197, 0, 0, 38.8325, -2.72375, 39.6966, -121.97, 41.3636, 112.197, 3.50811, -127.661
260, 0.00000, 2440.24, -2.66312, 2386.71, -121.94, 2294.41, 112.326, 0, 0, 37.7797, -2.66348, 38.6267, -121.94, 40.1807, 112.326, 3.33224, -127.761
261, 0.00000, 2444.59, -2.44019, 2396.24, -121.855, 2333.01, 113.245, 0, 0, 30.6555, -2.44014, 31.2745, -121.855, 32.1234, 113.242, 2.19163, -131.271
262, 0.00000, 2455.55, -2.16748, 2399.3, -121.838, 2348.78, 113.621, 0, 0, 28.3315, -2.16747, 28.9958, -121.838, 29.6198, 113.62, 1.83643, -128.682
263, 0.00000, 2461.77, -1.92516, 2414.58, -121.619, 2381.17, 114.412, 0, 0, 24.0975, -1.92501, 24.5687, -121.619, 24.9135, 114.41, 1.3177, -133.515
264, 0.00000, 2457.07, -1.99212, 2416.72, -121.616, 2375.85, 114.644, 0, 0, 23.8952, -1.99216, 24.2937, -121.617, 24.7101, 114.648, 1.26056, -131.775
265, 0.00000, 2459.32, -1.92486, 2417.82, -121.614, 2382.06, 114.797, 0, 0, 23.3446, -1.92494, 23.7454, -121.614, 24.1024, 114.795, 1.16956, -131.587
266, 0.00000, 2460.36, -1.89804, 2417.99, -121.616, 2383.51, 114.833, 0, 0, 23.3057, -1.89934, 23.714, -121.616, 24.0584, 114.829, 1.15287, -131.179
267, 0.00000, 2460.22, -1.89145, 2418.32, -121.62, 2386.07, 114.897, 0, 0, 23.0721, -1.89144, 23.472, -121.62, 23.7895, 114.896, 1.11102, -131.678
268, 0.00000, 2460.26, -1.88641, 2418.49, -121.621, 2387.21, 114.926, 0, 0, 22.9205, -1.88655, 23.3166, -121.621, 23.623, 114.923, 1.09213, -131.843
269, 0.00000, 2459.87, -1.98345, 2413.84, -121.637, 2362.79, 114.317, 0, 0, 27.616, -1.98345, 28.1425, -121.637, 28.7501, 114.318, 1.62612, -127.89
270, 0.00000, 2460.42, -1.99786, 2411.77, -121.655, 2354.88, 114.124, 0, 0, 28.4239, -1.99785, 28.997, -121.655, 29.6961, 114.126, 1.77309, -126.334
271, 0.00000, 2456.06, -2.33924, 2388.27, -121.932, 2286.17, 112.454, 0, 0, 38.9462, -2.33923, 40.0518, -121.932, 41.8405, 112.453, 3.54927, -119.538
272, 0.00000, 2456.12, -2.44179, 2379.79, -122.034, 2258.66, 111.797, 0, 0, 44.5947, -2.44229, 46.0247, -122.034, 47.4627, 111.802, 4.03114, -128.587
273, 0.00000, 2443.2, -2.70758, 2362.58, -122.426, 2256.59, 111.743, 0, 0, 45.7932, -2.70671, 47.3567, -122.425, 48.4377, 111.743, 3.73388, -130.112
274, 0.00000, 2436.45, -2.86208, 2358.81, -122.503, 2251.38, 111.617, 0, 0, 47.0628, -2.8616, 48.6127, -122.503, 49.515, 111.619, 3.76489, -134.52
275, 0.00000, 2437.2, -2.83387, 2359.16, -122.513, 2255.52, 111.712, 0, 0, 47.2495, -2.83546, 48.8087, -122.514, 49.826, 111.726, 3.75559, -132.002
276, 0.00000, 2433.85, -2.89895, 2360.15, -122.493, 2255.67, 111.718, 0, 0, 47.2728, -2.89859, 48.7495, -122.493, 49.7885, 111.718, 3.782, -133.445
277, 0.00000, 2437.19, -2.80454, 2365.77, -122.389, 2263.81, 111.911, 0, 0, 45.6623, -2.8047, 47.0406, -122.389, 48.3515, 111.909, 3.7459, -129.211
278, 0.00000, 2436.44, -2.84311, 2363.14, -122.432, 2257.63, 111.765, 0, 0, 46.8803, -2.84185, 48.3363, -122.43, 49.4764, 111.745, 3.82616, -132.222
279, 0.00000, 2436.93, -2.8315, 2363.96, -122.416, 2258.24, 111.777, 0, 0, 46.7496, -2.83192, 48.1921, -122.416, 49.3609, 111.779, 3.81675, -131.802
280, 0.00000, 2437.08, -2.82753, 2363.84, -122.419, 2258.27, 111.779, 0, 0, 46.686, -2.82771, 48.1321, -122.419, 49.2981, 111.779, 3.81036, -131.686
281, 0.00000, 2436.91, -2.83851, 2361.93, -122.455, 2254.74, 111.701, 0, 0, 46.9405, -2.83803, 48.4311, -122.454, 49.4777, 111.69, 3.81416, -133.139
282, 0.00000, 2441.18, -2.75981, 2374.82, -122.131, 2251.59, 111.64, 0, 0, 47.2504, -2.75996, 48.5707, -122.131, 49.8133, 111.641, 4.16404, -135.937
283, 0.00000, 2443.79, -2.53017, 2387.13, -122.003, 2297.97, 112.748, 0, 0, 35.9691, -2.53024, 36.8231, -122.003, 38.2512, 112.743, 2.95372, -123.52
284, 0.00000, 2446.01, -2.48872, 2386.95, -122.003, 2297.45, 112.734, 0, 0, 35.7002, -2.48888, 36.5833, -122.003, 38.0084, 112.734, 2.94734, -122.653
285, 0.00000, 2450.04, -2.29633, 2394.42, -121.94, 2327.72, 113.468, 0, 0, 29.5809, -2.29637, 30.2683, -121.939, 31.1366, 113.467, 2.04181, -124.129
286, 0.00000, 2458.63, -2.09584, 2395.11, -121.949, 2335.53, 113.654, 0, 0, 28.599, -2.09629, 29.3574, -121.949, 30.1079, 113.651, 1.88854, -120.787
287, 0.00000, 2464.32, -1.87522, 2412.95, -121.662, 2364.43, 114.366, 0, 0, 24.8522, -1.87522, 25.3814, -121.662, 25.9026, 114.365, 1.44174, -125.158
288, 0.00000, 2459.46, -1.94072, 2414.75, -121.668, 2375.37, 114.635, 0, 0, 24.2839, -1.94055, 24.7338, -121.668, 25.145, 114.632, 1.27065, -129.29
289, 0.00000, 2463.32, -1.84387, 2415.79, -121.66, 2379.97, 114.748, 0, 0, 23.7858, -1.84399, 24.2539, -121.66, 24.6193, 114.747, 1.2015, -127.857
290, 0.00000, 2464.24, -1.82194, 2415.35, -121.673, 2380.52, 114.761, 0, 0, 23.642, -1.82316, 24.1203, -121.673, 24.4739, 114.76, 1.18429, -127.149
291, 0.00000, 2464.41, -1.81471, 2415.75, -121.667, 2381.42, 114.784, 0, 0, 23.4959, -1.81491, 23.9694, -121.667, 24.3157, 114.782, 1.17026, -127.242
292, 0.00000, 2464.39, -1.8187, 2414.17, -121.699, 2380.35, 114.757, 0, 0, 23.514, -1.81872, 24.0025, -121.698, 24.343, 114.76, 1.16633, -126.556
293, 0.00000, 2462.52, -1.95228, 2409.36, -121.712, 2354.65, 114.119, 0, 0, 28.1885, -1.95228, 28.8103, -121.712, 29.4792, 114.12, 1.73955, -124.35
294, 0.00000, 2462.9, -1.96194, 2407.44, -121.734, 2348.89, 113.98, 0, 0, 28.3991, -1.96193, 29.0532, -121.735, 29.7764, 113.982, 1.82217, -123.229
295, 0.00000, 2458.36, -2.2858, 2375.82, -122.205, 2285.79, 112.446, 0, 0, 38.4525, -2.28581, 39.7884, -122.205, 41.3558, 112.446, 3.34218, -115.268
296, 0.00000, 2459.27, -2.36759, 2373.42, -122.179, 2259.52, 111.819, 0, 0, 44.0386, -2.36808, 45.6312, -122.179, 46.9509, 111.823, 3.86426, -125.526
297, 0.00000, 2446.51, -2.63407, 2362.25, -122.437, 2257.75, 111.772, 0, 0, 45.0709, -2.63329, 46.6794, -122.437, 47.7653, 111.772, 3.67469, -128.125
298, 0.00000, 2439.12, -2.7956, 2362.62, -122.431, 2255.16, 111.707, 0, 0, 46.0237, -2.79505, 47.5147, -122.431, 48.5656, 111.708, 3.74997, -132.309
299, 0.00000, 2438.89, -2.7876, 2364.15, -122.414, 2259.5, 111.806, 0, 0, 46.2423, -2.7882, 47.7031, -122.415, 48.8953, 111.819, 3.77092, -130.374
300, 0.00000, 2434.08, -2.88936, 2363.65, -122.42, 2257.52, 111.761, 0, 0, 46.7533, -2.88887, 48.1471, -122.42, 49.2907, 111.761, 3.81044, -133.173
